バッチ番号,PR番号,タイトル,作成日,作成者,URL
バッチ2,6154,観光政策の新規提案：オーバーツーリズム対策と持続可能な観光モデルの構築,2025-07-13T12:27:57Z,app/idobata-policy-app,https://github.com/team-mirai/policy/pull/6154
バッチ2,6152,よんさまからのご提案：AI活用の原則強化とデジタル民主主義の具体化について,2025-07-13T12:21:58Z,app/idobata-policy-app,https://github.com/team-mirai/policy/pull/6152
バッチ2,6150,淳様ご提案：AI活用における人間の責任と専門性維持の原則を追記,2025-07-13T12:20:52Z,app/idobata-policy-app,https://github.com/team-mirai/policy/pull/6150
バッチ2,6148,（豊田様ご提案）養育費の不払い問題に関する政策を追加,2025-07-13T12:11:36Z,app/idobata-policy-app,https://github.com/team-mirai/policy/pull/6148
バッチ2,6146,「政治改革」に関する改善提案,2025-07-13T12:08:33Z,app/idobata-policy-app,https://github.com/team-mirai/policy/pull/6146
バッチ2,6143,公共施設を多機能拠点として整備する提案,2025-07-13T11:56:19Z,app/idobata-policy-app,https://github.com/team-mirai/policy/pull/6143
バッチ2,6142,政策の柱として「多様な家族のあり方を支える法整備」を新たに追加,2025-07-13T11:54:47Z,app/idobata-policy-app,https://github.com/team-mirai/policy/pull/6142
バッチ2,6139,ふくとさんによる「持続可能な都市政策」の改善提案,2025-07-13T11:48:01Z,app/idobata-policy-app,https://github.com/team-mirai/policy/pull/6139
バッチ2,6135,2拠点生活など新しいライフスタイルを支援するアイデアを追記,2025-07-13T11:42:27Z,app/idobata-policy-app,https://github.com/team-mirai/policy/pull/6135
バッチ2,6128,【匿名ユーザーさんによる改善提案】個人の納税実績を活用した信用創造の提案,2025-07-13T10:59:55Z,app/idobata-policy-app,https://github.com/team-mirai/policy/pull/6128
バッチ2,6124,ネット上の私的制裁の根絶と人権保障のための提言,2025-07-13T10:48:19Z,app/idobata-policy-app,https://github.com/team-mirai/policy/pull/6124
バッチ2,6121,ネット投票における「投票の上書き機能」の原則を追記,2025-07-13T10:25:55Z,app/idobata-policy-app,https://github.com/team-mirai/policy/pull/6121
バッチ2,6118,子育て支援のあり方を見直し、所得制限の撤廃と一律給付の導入を提案,2025-07-13T10:15:37Z,app/idobata-policy-app,https://github.com/team-mirai/policy/pull/6118
バッチ2,6114,【けいさん提案】性加害の厳罰化を柱とした、被害者を守るための包括的政策,2025-07-13T09:59:58Z,app/idobata-policy-app,https://github.com/team-mirai/policy/pull/6114
バッチ2,6110,安楽死に関する政策の追加提案,2025-07-13T09:53:05Z,app/idobata-policy-app,https://github.com/team-mirai/policy/pull/6110
バッチ2,6108,わたなべさんご提案：消費税一本化と経済のDXによる物価安定,2025-07-13T09:47:48Z,app/idobata-policy-app,https://github.com/team-mirai/policy/pull/6108
バッチ2,6107,ゆうかさんより：教育を通じた日本文化への理解とアイデンティティ確立の提案,2025-07-13T09:47:39Z,app/idobata-policy-app,https://github.com/team-mirai/policy/pull/6107
バッチ2,6105,【既卒の民さん提案】既卒者など多様な経歴を持つ人への就職支援を追加,2025-07-13T09:45:09Z,app/idobata-policy-app,https://github.com/team-mirai/policy/pull/6105
バッチ2,6099,ゆうかさんより：国防と情報公開の透明性強化に関する提案,2025-07-13T09:24:17Z,app/idobata-policy-app,https://github.com/team-mirai/policy/pull/6099
バッチ2,6097,マニフェストに「スクラップ・アンド・ビルド」の原則を追加,2025-07-13T09:23:18Z,app/idobata-policy-app,https://github.com/team-mirai/policy/pull/6097
バッチ2,6095,「（仮称）エンペラー・ワラント・マーク制度」の創設による日本のブランド価値向上,2025-07-13T09:19:04Z,app/idobata-policy-app,https://github.com/team-mirai/policy/pull/6095
バッチ2,6092,マニフェストへの平和主義の原則の追記,2025-07-13T09:03:05Z,app/idobata-policy-app,https://github.com/team-mirai/policy/pull/6092
バッチ2,6091,マニフェスト序文を改善し、「100日プラン」の位置づけを明確化,2025-07-13T09:01:01Z,app/idobata-policy-app,https://github.com/team-mirai/policy/pull/6091
バッチ2,6090,ご提案：「未来型媒介者」としての新しい国会議員像をマニフェストに明記,2025-07-13T09:00:48Z,app/idobata-policy-app,https://github.com/team-mirai/policy/pull/6090
バッチ2,6089,さめまんさんの提案：「チームみらいについて」に人権重視の姿勢を明記,2025-07-13T08:59:15Z,app/idobata-policy-app,https://github.com/team-mirai/policy/pull/6089
バッチ2,6087,マニフェスト改善プロセスにおける外部連携の姿勢を追記,2025-07-13T08:52:56Z,app/idobata-policy-app,https://github.com/team-mirai/policy/pull/6087
バッチ2,6084,SNS時代の選挙運動に関する規制の提案,2025-07-13T08:38:19Z,app/idobata-policy-app,https://github.com/team-mirai/policy/pull/6084
バッチ2,6079,「デジタル民主主義」ページのリンク切れを修正,2025-07-13T08:26:05Z,app/idobata-policy-app,https://github.com/team-mirai/policy/pull/6079
バッチ2,6078,在外投票のオンライン化をマニフェストに明記,2025-07-13T08:23:12Z,app/idobata-policy-app,https://github.com/team-mirai/policy/pull/6078
バッチ2,6075,ステップ2の産業に一次産業等の担い手支援の項目を追加,2025-07-13T08:02:44Z,app/idobata-policy-app,https://github.com/team-mirai/policy/pull/6075
バッチ2,6072,【改心の一撃さん】子育て支援と未来技術への二つの提案,2025-07-13T07:52:23Z,app/idobata-policy-app,https://github.com/team-mirai/policy/pull/6072
バッチ2,6071,「人権についての基本的な考え方」の新規追加,2025-07-13T07:51:47Z,app/idobata-policy-app,https://github.com/team-mirai/policy/pull/6071
バッチ2,6069,消費税に関する方針の明確化と、外国人旅行者向け免税制度の廃止,2025-07-13T07:40:39Z,app/idobata-policy-app,https://github.com/team-mirai/policy/pull/6069
バッチ2,6063,未成年者への性犯罪対策強化をマニフェストに明記,2025-07-13T07:23:28Z,app/idobata-policy-app,https://github.com/team-mirai/policy/pull/6063
バッチ2,6056,政策：選択的夫婦別姓制度の導入,2025-07-13T07:08:00Z,app/idobata-policy-app,https://github.com/team-mirai/policy/pull/6056
バッチ2,6054,【コンセプト提案】サイト利用ガイドの新設と、「ステップ」定義に関する見解の確認,2025-07-13T06:55:38Z,app/idobata-policy-app,https://github.com/team-mirai/policy/pull/6054
バッチ2,6053,【きくさん提案】憲法に関する考え方の追加,2025-07-13T06:49:23Z,app/idobata-policy-app,https://github.com/team-mirai/policy/pull/6053
バッチ2,6048,選択的夫婦別姓の実現に向け、「多様な家族のあり方を支える」項目を追加,2025-07-13T06:33:53Z,app/idobata-policy-app,https://github.com/team-mirai/policy/pull/6048
バッチ2,6046,政策提案における根拠明記のルール強化,2025-07-13T06:30:13Z,app/idobata-policy-app,https://github.com/team-mirai/policy/pull/6046
バッチ2,6045,[ほんさんからのご提案] 動物愛護政策の新規追加,2025-07-13T06:23:23Z,app/idobata-policy-app,https://github.com/team-mirai/policy/pull/6045
バッチ2,6040,ゆかこさんによる改善提案：不妊治療の対象拡大による多様な家族形成支援,2025-07-13T06:09:36Z,app/idobata-policy-app,https://github.com/team-mirai/policy/pull/6040
バッチ2,6038,政策案の改善提案：「政治資金の透明化」の明記,2025-07-13T06:06:23Z,app/idobata-policy-app,https://github.com/team-mirai/policy/pull/6038
バッチ2,6033,政策提案：住宅政策の重要性を明確化,2025-07-13T05:52:33Z,app/idobata-policy-app,https://github.com/team-mirai/policy/pull/6033
バッチ2,6030,マニフェストに「性別による寿命格差と年金制度」の視点を追加する提案,2025-07-13T05:43:44Z,app/idobata-policy-app,https://github.com/team-mirai/policy/pull/6030
バッチ2,6016,たすくさんによる「平和と外交に関する基本的な考え方」の追加提案,2025-07-13T04:50:12Z,app/idobata-policy-app,https://github.com/team-mirai/policy/pull/6016
バッチ2,6010,コロナ後遺症・ワクチン後遺症対策の新規提案,2025-07-13T04:25:27Z,app/idobata-policy-app,https://github.com/team-mirai/policy/pull/6010
バッチ2,6009,マニフェストの冒頭に新たなスローガンを追加,2025-07-13T04:25:06Z,app/idobata-policy-app,https://github.com/team-mirai/policy/pull/6009
バッチ2,6008,【匿名ユーザーからの提案】選択的夫婦別姓の導入,2025-07-13T04:19:11Z,app/idobata-policy-app,https://github.com/team-mirai/policy/pull/6008
バッチ2,6006,【いのりさん提案】相続手続きのデジタル化による負担軽減,2025-07-13T04:17:56Z,app/idobata-policy-app,https://github.com/team-mirai/policy/pull/6006
バッチ2,6001,DAOの社会実装による、公正で柔軟な働き方の実現,2025-07-13T03:57:56Z,app/idobata-policy-app,https://github.com/team-mirai/policy/pull/6001
バッチ3,5999,「プラネタリーヘルス」に関する政策検討の表現を修正,2025-07-13T03:51:12Z,app/idobata-policy-app,https://github.com/team-mirai/policy/pull/5999
バッチ3,5996,AIと著作権に関する基本方針を追記,2025-07-13T03:37:53Z,app/idobata-policy-app,https://github.com/team-mirai/policy/pull/5996
バッチ3,5995,マニフェストへの選択的夫婦別姓に関する記述の追加,2025-07-13T03:36:46Z,app/idobata-policy-app,https://github.com/team-mirai/policy/pull/5995
バッチ3,5994,バグ報告：iOS版ブラウザでハンバーガーメニューの項目が選択できない,2025-07-13T03:31:01Z,app/idobata-policy-app,https://github.com/team-mirai/policy/pull/5994
バッチ3,5992,【政策提案】誰もが安心して使える「ワークスペース環境」の整備,2025-07-13T03:17:43Z,app/idobata-policy-app,https://github.com/team-mirai/policy/pull/5992
バッチ3,5988,AI等デジタル技術の調達・運用に関する原則の追記,2025-07-13T02:58:33Z,app/idobata-policy-app,https://github.com/team-mirai/policy/pull/5988
バッチ3,5983,0289さんによる提案：ステップ1への「ネット広告の健全化」の追加,2025-07-13T02:42:45Z,app/idobata-policy-app,https://github.com/team-mirai/policy/pull/5983
バッチ3,5982,AI・デジタル原則の明確化と、制度の谷間にいる方への配慮を追加,2025-07-13T02:41:00Z,app/idobata-policy-app,https://github.com/team-mirai/policy/pull/5982
バッチ3,5981,政策項目「福祉」に、制度の狭間にある人々への支援についての補足を追記,2025-07-13T02:38:31Z,app/idobata-policy-app,https://github.com/team-mirai/policy/pull/5981
バッチ3,5980,匿名ユーザーによる包括的性教育と多様な家族のあり方に関する改善提案,2025-07-13T02:37:38Z,app/idobata-policy-app,https://github.com/team-mirai/policy/pull/5980
バッチ3,5977,経済的に困難な若者のための就労・自立支援制度の創設,2025-07-13T02:31:05Z,app/idobata-policy-app,https://github.com/team-mirai/policy/pull/5977
バッチ3,5972,生活保護制度の見直しと不正受給対策の強化,2025-07-13T01:57:11Z,app/idobata-policy-app,https://github.com/team-mirai/policy/pull/5972
バッチ3,5971,【匿名ユーザーからの改善提案】人権に関する基本方針の追加,2025-07-13T01:54:54Z,app/idobata-policy-app,https://github.com/team-mirai/policy/pull/5971
バッチ3,5963,目次を更新：デジタル民主主義の項目に政治資金の透明化と罰則強化を追記,2025-07-13T01:31:31Z,app/idobata-policy-app,https://github.com/team-mirai/policy/pull/5963
バッチ3,5959,子育て支援策に関する公平性の議論の追加,2025-07-13T01:15:02Z,app/idobata-policy-app,https://github.com/team-mirai/policy/pull/5959
バッチ3,5958,インボイス制度の廃止と消費税の単一税率化提案,2025-07-13T01:14:23Z,app/idobata-policy-app,https://github.com/team-mirai/policy/pull/5958
バッチ3,5957,子育て支援の拡充：企業内保育の促進,2025-07-13T01:09:40Z,app/idobata-policy-app,https://github.com/team-mirai/policy/pull/5957
バッチ3,5956,政策評価の基本方針に多角的視点を追加,2025-07-13T01:00:51Z,app/idobata-policy-app,https://github.com/team-mirai/policy/pull/5956
バッチ3,5952,マニフェスト改善提案：大学などの高等教育における経済的負担の軽減を明確化,2025-07-13T00:47:55Z,app/idobata-policy-app,https://github.com/team-mirai/policy/pull/5952
バッチ3,5950,「分断をあおらない」理念の構造的課題についての言及を追加,2025-07-13T00:43:54Z,app/idobata-policy-app,https://github.com/team-mirai/policy/pull/5950
バッチ3,5943,【重要課題の明記】党の基本方針の不在について,2025-07-13T00:17:20Z,app/idobata-policy-app,https://github.com/team-mirai/policy/pull/5943
バッチ3,5940,【うしさん提案】子育て政策の改善：学童保育の環境を充実に,2025-07-13T00:08:47Z,app/idobata-policy-app,https://github.com/team-mirai/policy/pull/5940
バッチ3,5939,【ふるちゃんさん提案】国際卓越研究大学を中心とした共同研究体制の推進,2025-07-13T00:06:52Z,app/idobata-policy-app,https://github.com/team-mirai/policy/pull/5939
バッチ3,5938,「誰一人取り残さない防災DX」の実現に向けた新規政策提案,2025-07-13T00:05:50Z,app/idobata-policy-app,https://github.com/team-mirai/policy/pull/5938
バッチ3,5933,選択的夫婦別姓に関する方針を追加,2025-07-12T23:48:28Z,app/idobata-policy-app,https://github.com/team-mirai/policy/pull/5933
バッチ3,5932,マニフェストの基本原則としての人権尊重の姿勢を明記,2025-07-12T23:43:19Z,app/idobata-policy-app,https://github.com/team-mirai/policy/pull/5932
バッチ3,5930,高等学校等就学支援金制度の見直し,2025-07-12T23:31:33Z,app/idobata-policy-app,https://github.com/team-mirai/policy/pull/5930
バッチ3,5928,選択的夫婦別姓制度の導入を提案,2025-07-12T23:28:31Z,app/idobata-policy-app,https://github.com/team-mirai/policy/pull/5928
バッチ3,5924,ベルマーク制度の廃止と代替案の提案,2025-07-12T22:56:50Z,app/idobata-policy-app,https://github.com/team-mirai/policy/pull/5924
バッチ3,5919,テクノロジーが苦手な方へのアプローチに関する追記,2025-07-12T22:27:59Z,app/idobata-policy-app,https://github.com/team-mirai/policy/pull/5919
バッチ3,5910,meumoさん提案：葉酸に関する検討プロセスの追記,2025-07-12T19:40:08Z,app/idobata-policy-app,https://github.com/team-mirai/policy/pull/5910
バッチ3,5903,社会保険料と税金の使途に関する議論の明記,2025-07-12T18:12:11Z,app/idobata-policy-app,https://github.com/team-mirai/policy/pull/5903
バッチ3,5896,多様な世帯への配慮と地方創生の視点を追加する提案 by こんごう,2025-07-12T17:00:17Z,app/idobata-policy-app,https://github.com/team-mirai/policy/pull/5896
バッチ3,5893,fさんによる「地方のデジタル産業振興」の追加提案,2025-07-12T16:54:11Z,app/idobata-policy-app,https://github.com/team-mirai/policy/pull/5893
バッチ3,5892,マニフェストに「議員の定年制導入」に関する項目を追加,2025-07-12T16:42:27Z,app/idobata-policy-app,https://github.com/team-mirai/policy/pull/5892
バッチ3,5887,「表現の自由」に関する方針を追加,2025-07-12T16:38:17Z,app/idobata-policy-app,https://github.com/team-mirai/policy/pull/5887
バッチ3,5882,匿名ユーザーによる提案：現場負担への配慮とAI時代の人材活用策の追加,2025-07-12T16:18:26Z,app/idobata-policy-app,https://github.com/team-mirai/policy/pull/5882
バッチ3,5881,はるさんによるマニフェスト改善提案,2025-07-12T16:12:48Z,app/idobata-policy-app,https://github.com/team-mirai/policy/pull/5881
バッチ3,5874,なちさんより：マニフェストの信頼性向上のための3つの提案,2025-07-12T15:37:01Z,app/idobata-policy-app,https://github.com/team-mirai/policy/pull/5874
バッチ3,5873,「世代による一票の価値の違い」に関する議論の提起,2025-07-12T15:34:38Z,app/idobata-policy-app,https://github.com/team-mirai/policy/pull/5873
バッチ3,5869,選挙運動のデジタル化と静穏化に関する提案,2025-07-12T15:26:18Z,app/idobata-policy-app,https://github.com/team-mirai/policy/pull/5869
バッチ3,5868,冒頭文を修正し、マニフェストが目指す方向性をより明確化,2025-07-12T15:25:29Z,app/idobata-policy-app,https://github.com/team-mirai/policy/pull/5868
バッチ3,5858,keiphotoさんによる提案：結婚の有無にかかわらず子どもを産み育てやすい社会の実現,2025-07-12T15:01:36Z,app/idobata-policy-app,https://github.com/team-mirai/policy/pull/5858
バッチ3,5846,【.34さん提案】災害時の非常用通信ネットワーク構築について,2025-07-12T14:36:11Z,app/idobata-policy-app,https://github.com/team-mirai/policy/pull/5846
バッチ3,5840,ひらりさんからの提案：選択的夫婦別姓の実現,2025-07-12T14:19:55Z,app/idobata-policy-app,https://github.com/team-mirai/policy/pull/5840
バッチ3,5839,選択的夫婦別姓制度の実現に関する項目を追加,2025-07-12T14:16:58Z,app/idobata-policy-app,https://github.com/team-mirai/policy/pull/5839
バッチ3,5834,外交政策の項目を見直し、日本の自律性強化に関する議論を提案,2025-07-12T14:07:34Z,app/idobata-policy-app,https://github.com/team-mirai/policy/pull/5834
バッチ3,5833,国の主権と国益を守る姿勢の明確化,2025-07-12T14:06:49Z,app/idobata-policy-app,https://github.com/team-mirai/policy/pull/5833
バッチ3,5832,性犯罪対策の抜本的強化,2025-07-12T14:06:40Z,app/idobata-policy-app,https://github.com/team-mirai/policy/pull/5832
バッチ3,5830,匿名ユーザーからの提案：認定柔道整復師による予防医療の推進,2025-07-12T14:01:12Z,app/idobata-policy-app,https://github.com/team-mirai/policy/pull/5830
バッチ4,5822,福祉分野の政策に、性犯罪の根絶を目指す新たな項目を追加,2025-07-12T13:39:15Z,app/idobata-policy-app,https://github.com/team-mirai/policy/pull/5822
バッチ4,5817,提案：デジタル民主主義に「世代間の声の不均衡を是正する仕組み」を追加,2025-07-12T13:24:58Z,app/idobata-policy-app,https://github.com/team-mirai/policy/pull/5817
バッチ4,5816,改善提案：子どもの安全を守るための新しい政策項目を追加,2025-07-12T13:24:36Z,app/idobata-policy-app,https://github.com/team-mirai/policy/pull/5816
バッチ4,5813,性犯罪・性暴力の根絶と被害者保護の徹底を求める提案,2025-07-12T13:13:14Z,app/idobata-policy-app,https://github.com/team-mirai/policy/pull/5813
バッチ4,5799,支援のあり方に関する基本原則の追加,2025-07-12T12:24:15Z,app/idobata-policy-app,https://github.com/team-mirai/policy/pull/5799
バッチ4,5798,すぎやまさんによる「コンテンツ産業と表現の自由」に関する改善提案,2025-07-12T12:22:40Z,app/idobata-policy-app,https://github.com/team-mirai/policy/pull/5798
バッチ4,5797,国民の安全を守るための性犯罪対策強化,2025-07-12T12:22:23Z,app/idobata-policy-app,https://github.com/team-mirai/policy/pull/5797
バッチ4,5796,政策提案：老老介護におけるコミュニケーション支援の具体例を追記,2025-07-12T12:20:12Z,app/idobata-policy-app,https://github.com/team-mirai/policy/pull/5796
バッチ4,5793,国民との対話の改革案：提案対応の遅延に対するお詫びと具体的な改善策の明記,2025-07-12T12:14:39Z,app/idobata-policy-app,https://github.com/team-mirai/policy/pull/5793
バッチ4,5785,「チームみらいについて」の記述を改善し、デジタル化への姿勢を明確化,2025-07-12T11:56:44Z,app/idobata-policy-app,https://github.com/team-mirai/policy/pull/5785
バッチ4,5774,【太一郎提案】提案への迅速な応答を義務付け、チームみらいの不誠実な対応を是正,2025-07-12T10:54:35Z,app/idobata-policy-app,https://github.com/team-mirai/policy/pull/5774
バッチ4,5772,教育におけるデジタルと従来手法の最適な組み合わせを求める方針の追加,2025-07-12T10:52:04Z,app/idobata-policy-app,https://github.com/team-mirai/policy/pull/5772
バッチ4,5771,【匿名ユーザーさんによる改善提案】国際宇宙港（スペースポート）構想の追加,2025-07-12T10:51:09Z,app/idobata-policy-app,https://github.com/team-mirai/policy/pull/5771
バッチ4,5770,政策提案：障害者支援における多角的な負担決定プロセスの導入,2025-07-12T10:43:37Z,app/idobata-policy-app,https://github.com/team-mirai/policy/pull/5770
バッチ4,5767,同性婚の法制化をマニフェストに明記する提案,2025-07-12T10:25:50Z,app/idobata-policy-app,https://github.com/team-mirai/policy/pull/5767
バッチ4,5766,マニフェストの基本理念の明確化,2025-07-12T10:13:39Z,app/idobata-policy-app,https://github.com/team-mirai/policy/pull/5766
バッチ4,5763,政策の追加：同性婚の法制化,2025-07-12T10:07:56Z,app/idobata-policy-app,https://github.com/team-mirai/policy/pull/5763
バッチ4,5762,公的な死後事務支援システムの構築に関する提案,2025-07-12T10:03:43Z,app/idobata-policy-app,https://github.com/team-mirai/policy/pull/5762
バッチ4,5758,ケアマネジャー更新研修制度の負担軽減と抜本的見直し,2025-07-12T09:43:28Z,app/idobata-policy-app,https://github.com/team-mirai/policy/pull/5758
バッチ4,5756,いじめ・性加害の加害者に対する教育改革案の追加,2025-07-12T09:30:38Z,app/idobata-policy-app,https://github.com/team-mirai/policy/pull/5756
バッチ4,5753,匿名ユーザーによる孤独死対策の提案：テクノロジーによる見守り,2025-07-12T09:09:59Z,app/idobata-policy-app,https://github.com/team-mirai/policy/pull/5753
バッチ4,5748,AI活用基本方針の追加：「使われるAI」ではなく、「使いこなす社会」へ,2025-07-12T09:03:49Z,app/idobata-policy-app,https://github.com/team-mirai/policy/pull/5748
バッチ4,5746,ヤングケアラーとそのきょうだいへの医療・福祉サポート体制の強化,2025-07-12T08:56:05Z,app/idobata-policy-app,https://github.com/team-mirai/policy/pull/5746
バッチ4,5745,氷河期世代支援と多様な人材登用の呼びかけ,2025-07-12T08:49:33Z,app/idobata-policy-app,https://github.com/team-mirai/policy/pull/5745
バッチ4,5742,「人権に関する基本方針」の追加,2025-07-12T08:41:24Z,app/idobata-policy-app,https://github.com/team-mirai/policy/pull/5742
バッチ4,5732,AIの構造的リスクと世論操作の危険性に関する重大な注意喚起の追記,2025-07-12T08:23:17Z,app/idobata-policy-app,https://github.com/team-mirai/policy/pull/5732
バッチ4,5730,【匿名ユーザーからの提案】労働者の権利保護（産業分野）,2025-07-12T08:20:23Z,app/idobata-policy-app,https://github.com/team-mirai/policy/pull/5730
バッチ4,5728,治安政策強化のため「犯罪を犯した外国人の強制送還手続きの迅速化・厳格化」の項目を追加,2025-07-12T08:06:09Z,app/idobata-policy-app,https://github.com/team-mirai/policy/pull/5728
バッチ4,5726,子どものオンライン上の安全を守るためのAI活用に関する提案,2025-07-12T08:01:43Z,app/idobata-policy-app,https://github.com/team-mirai/policy/pull/5726
バッチ4,5722,「チームみらいが目指す社会像」に出産・育児支援と働き方のビジョンを追記,2025-07-12T07:56:50Z,app/idobata-policy-app,https://github.com/team-mirai/policy/pull/5722
バッチ4,5719,城戸道子さんからの政策改善提案：外交・安全保障と科学技術政策の強化について,2025-07-12T07:37:09Z,app/idobata-policy-app,https://github.com/team-mirai/policy/pull/5719
バッチ4,5718,防衛政策に関する議論の開始,2025-07-12T07:35:18Z,app/idobata-policy-app,https://github.com/team-mirai/policy/pull/5718
バッチ4,5715,【ひらのさん提案】人権に関する基本方針を追加,2025-07-12T07:25:52Z,app/idobata-policy-app,https://github.com/team-mirai/policy/pull/5715
バッチ4,5713,「選択的夫婦別姓」の項目追加と政策方針の具体化,2025-07-12T07:17:30Z,app/idobata-policy-app,https://github.com/team-mirai/policy/pull/5713
バッチ4,5707,賃上げ促進と公正な交渉環境の整備について（門脇さんからのご提案）,2025-07-12T07:04:37Z,app/idobata-policy-app,https://github.com/team-mirai/policy/pull/5707
バッチ4,5704,ひらのさんによる改善提案：ジェンダーと多様性の尊重に関する項目の追加,2025-07-12T06:55:47Z,app/idobata-policy-app,https://github.com/team-mirai/policy/pull/5704
バッチ4,5700,エネルギー政策に関する議論の方向性を追記,2025-07-12T06:47:38Z,app/idobata-policy-app,https://github.com/team-mirai/policy/pull/5700
バッチ4,5694,Keiさんによる「同性婚の法制化」の提案,2025-07-12T06:10:33Z,app/idobata-policy-app,https://github.com/team-mirai/policy/pull/5694
バッチ4,5690,就職氷河期世代への新たなセーフティネット構築の提案,2025-07-12T05:53:52Z,app/idobata-policy-app,https://github.com/team-mirai/policy/pull/5690
バッチ4,5688,匿名ユーザーからの提案：ライフステージに応じた多様な働き方とキャリア形成支援の追加,2025-07-12T05:47:18Z,app/idobata-policy-app,https://github.com/team-mirai/policy/pull/5688
バッチ4,5687,皇位の安定継承についての提案,2025-07-12T05:47:07Z,app/idobata-policy-app,https://github.com/team-mirai/policy/pull/5687
バッチ4,5686,在外邦人の投票権を保障するため、国政選挙へのオンライン投票導入を提案,2025-07-12T05:45:32Z,app/idobata-policy-app,https://github.com/team-mirai/policy/pull/5686
バッチ4,5685,マニフェスト改善案：マイナンバーカードへの終末医療に関する意思登録の提案,2025-07-12T05:42:26Z,app/idobata-policy-app,https://github.com/team-mirai/policy/pull/5685
バッチ4,5676,Leoさんによる「新しい公務員制度」の提案,2025-07-12T04:58:57Z,app/idobata-policy-app,https://github.com/team-mirai/policy/pull/5676
バッチ4,5672,政治の透明性を高めるため、マニフェ-スト報告義務化の仕組みを提案,2025-07-12T04:51:25Z,app/idobata-policy-app,https://github.com/team-mirai/policy/pull/5672
バッチ4,5659,マニフェストの実行戦略を具体化する提案,2025-07-12T04:21:37Z,app/idobata-policy-app,https://github.com/team-mirai/policy/pull/5659
バッチ4,5649,【政策提案】自動車関連税制の抜本改革と、愛車を長く使うための新制度導入,2025-07-12T03:44:39Z,app/idobata-policy-app,https://github.com/team-mirai/policy/pull/5649
バッチ4,5648,保護者の協力に左右されない、デジタル技術を活用した学習支援の提案,2025-07-12T03:38:12Z,app/idobata-policy-app,https://github.com/team-mirai/policy/pull/5648
バッチ4,5647,ジン〆さんによる、政策の具体性と透明性向上に関する改善提案,2025-07-12T03:20:28Z,app/idobata-policy-app,https://github.com/team-mirai/policy/pull/5647
バッチ4,5645,14さんの提案：子どもを性的搾取から守るための包括的対策強化,2025-07-12T03:19:22Z,app/idobata-policy-app,https://github.com/team-mirai/policy/pull/5645
バッチ5,5644,尊厳死の制度化に関する議論の開始,2025-07-12T03:04:59Z,app/idobata-policy-app,https://github.com/team-mirai/policy/pull/5644
バッチ5,5641,財政運営の基本方針案,2025-07-12T03:03:55Z,app/idobata-policy-app,https://github.com/team-mirai/policy/pull/5641
バッチ5,5638,匿名ユーザー様からの提案に基づく子育て支援政策の追加,2025-07-12T02:59:42Z,app/idobata-policy-app,https://github.com/team-mirai/policy/pull/5638
バッチ5,5636,匿名ユーザーによる提案：AI相談窓口の導入による子どものいじめ早期発見・対応策,2025-07-12T02:43:17Z,app/idobata-policy-app,https://github.com/team-mirai/policy/pull/5636
バッチ5,5633,外国人材の受け入れに関する基本方針の追加,2025-07-12T02:38:43Z,app/idobata-policy-app,https://github.com/team-mirai/policy/pull/5633
バッチ5,5631,奨学金制度改革：返済額の所得控除による負担軽減（ユウさんからの提案）,2025-07-12T02:29:50Z,app/idobata-policy-app,https://github.com/team-mirai/policy/pull/5631
バッチ5,5630,「チームみらいについて」にLGBTに関する理念と具体的な政策例を追加,2025-07-12T02:29:09Z,app/idobata-policy-app,https://github.com/team-mirai/policy/pull/5630
バッチ5,5629,義務教育における教材費等の公的負担について、市民の声を反映する事例を追記,2025-07-12T02:17:27Z,app/idobata-policy-app,https://github.com/team-mirai/policy/pull/5629
バッチ5,5628,あまのさんからの総合政策提案：少子化対策、現役世代支援、医療制度改革,2025-07-12T02:06:06Z,app/idobata-policy-app,https://github.com/team-mirai/policy/pull/5628
バッチ5,5622,【馬場さん提案】持続可能な観光立国に向けた「観光目的税」の新設,2025-07-12T01:38:27Z,app/idobata-policy-app,https://github.com/team-mirai/policy/pull/5622
バッチ5,5620,ネット広告のゾーニング導入と法整備に関する提案,2025-07-12T01:34:46Z,app/idobata-policy-app,https://github.com/team-mirai/policy/pull/5620
バッチ5,5615,AI活用の原則を強化し、その限界と責任を明確化する提案 by ユーザー14,2025-07-12T01:19:35Z,app/idobata-policy-app,https://github.com/team-mirai/policy/pull/5615
バッチ5,5614,【匿名ユーザーさん提案】年少扶養控除の復活検討を100日プランに追加,2025-07-12T01:17:47Z,app/idobata-policy-app,https://github.com/team-mirai/policy/pull/5614
バッチ5,5613,提案：外国人等による投機目的の不動産取得への対策,2025-07-12T01:17:17Z,app/idobata-policy-app,https://github.com/team-mirai/policy/pull/5613
バッチ5,5612,ステップ１「教育」に包括的性教育と人権教育の推進を追記,2025-07-12T01:11:26Z,app/idobata-policy-app,https://github.com/team-mirai/policy/pull/5612
バッチ5,5603,【14さん提案】水資源の安全保障に関する政策を追加,2025-07-12T00:41:58Z,app/idobata-policy-app,https://github.com/team-mirai/policy/pull/5603
バッチ5,5601,AI活用における政治家の責任を明確化,2025-07-12T00:21:12Z,app/idobata-policy-app,https://github.com/team-mirai/policy/pull/5601
バッチ5,5596,ぴよぴよさんによる政策改善提案：教育、デジタル民主主義、発言の安全性に関する更新,2025-07-12T00:05:50Z,app/idobata-policy-app,https://github.com/team-mirai/policy/pull/5596
バッチ5,5587,【ぺんぺんさんご提案】いつでもどこでも投票！安全・便利なオンライン投票制度の導入,2025-07-11T22:48:58Z,app/idobata-policy-app,https://github.com/team-mirai/policy/pull/5587
バッチ5,5586,不妊治療支援の拡充,2025-07-11T22:35:57Z,app/idobata-policy-app,https://github.com/team-mirai/policy/pull/5586
バッチ5,5585,行政手続きの抜本的改革に関する具体例の追記,2025-07-11T22:27:54Z,app/idobata-policy-app,https://github.com/team-mirai/policy/pull/5585
バッチ5,5583,「結婚の平等の実現に向けた法整備の推進」をマニフェストに明記,2025-07-11T22:16:27Z,app/idobata-policy-app,https://github.com/team-mirai/policy/pull/5583
バッチ5,5581,新たな政策課題（宗教法人課税、国会オープン化、議員活動の可視化）の追加,2025-07-11T22:09:32Z,app/idobata-policy-app,https://github.com/team-mirai/policy/pull/5581
バッチ5,5575,【のりさんからの提案】産後の保育園利用に関する改善提案,2025-07-11T20:48:57Z,app/idobata-policy-app,https://github.com/team-mirai/policy/pull/5575
バッチ5,5570,14様からのご提案：暮らしと安全、文化を未来へつなぐ政策アイデア,2025-07-11T18:54:55Z,app/idobata-policy-app,https://github.com/team-mirai/policy/pull/5570
バッチ5,5566,大規模災害対策の強化に関する包括的提案,2025-07-11T18:06:45Z,app/idobata-policy-app,https://github.com/team-mirai/policy/pull/5566
バッチ5,5561,国公立大学における学生寮のセーフティネット機能の拡充,2025-07-11T17:13:56Z,app/idobata-policy-app,https://github.com/team-mirai/policy/pull/5561
バッチ5,5560,らいむさんより：健康保険制度の一元化と高額療養費制度に関する改善提案,2025-07-11T17:11:17Z,app/idobata-policy-app,https://github.com/team-mirai/policy/pull/5560
バッチ5,5553,政策提案：自然環境と生物多様性の保全に関する新規マニフェストの追加,2025-07-11T16:32:23Z,app/idobata-policy-app,https://github.com/team-mirai/policy/pull/5553
バッチ5,5549,「表現の自由に対する考え方」の項目を追加,2025-07-11T16:04:06Z,app/idobata-policy-app,https://github.com/team-mirai/policy/pull/5549
バッチ5,5545,マニフェストの副題を、より温かく分かりやすいものに変更,2025-07-11T15:33:04Z,app/idobata-policy-app,https://github.com/team-mirai/policy/pull/5545
バッチ5,5544,宗教との関わりに悩む子どもを守り、権利を保障するための具体的な政策の提案,2025-07-11T15:29:21Z,app/idobata-policy-app,https://github.com/team-mirai/policy/pull/5544
バッチ5,5541,けんさんの提案：社会保障の理念を明確化し、未来のための重要課題（年金・外国人政策・消費税）の議論を開始する提案,2025-07-11T15:26:03Z,app/idobata-policy-app,https://github.com/team-mirai/policy/pull/5541
バッチ5,5540,提案：選択的夫婦別姓と同性婚の法制化推進を明記,2025-07-11T15:22:00Z,app/idobata-policy-app,https://github.com/team-mirai/policy/pull/5540
バッチ5,5539,匿名ユーザーによる政策改善提案：選挙、司法、年金運用など,2025-07-11T15:19:20Z,app/idobata-policy-app,https://github.com/team-mirai/policy/pull/5539
バッチ5,5538,README.md：議論のハイライトを追加し、デジタル母子手帳の災害時対策に関する議論を反映,2025-07-11T15:13:47Z,app/idobata-policy-app,https://github.com/team-mirai/policy/pull/5538
バッチ5,5537,feat: 匿名ユーザーによるシェルター整備政策の提案を追加,2025-07-11T15:03:49Z,app/idobata-policy-app,https://github.com/team-mirai/policy/pull/5537
バッチ5,5534,「社会的養護の改革」に関する包括的な改善提案,2025-07-11T14:52:55Z,app/idobata-policy-app,https://github.com/team-mirai/policy/pull/5534
バッチ5,5531,「産業」政策における多様な業種への配慮の必要性について,2025-07-11T14:44:34Z,app/idobata-policy-app,https://github.com/team-mirai/policy/pull/5531
バッチ5,5528,ひろこさん提案：「AIコンシェルジュ」と「心のセーフティネット」の創設,2025-07-11T14:40:19Z,app/idobata-policy-app,https://github.com/team-mirai/policy/pull/5528
バッチ5,5520,AI活用による財源確保と、世代を超えた安心保障の実現,2025-07-11T14:09:13Z,app/idobata-policy-app,https://github.com/team-mirai/policy/pull/5520
バッチ5,5516,【AIのミスにより撤回】ジェンダー問題に関する基本方針の追加,2025-07-11T14:03:51Z,app/idobata-policy-app,https://github.com/team-mirai/policy/pull/5516
バッチ5,5515,家族の一体感を守りつつ、旧姓使用の不便を解消する提案,2025-07-11T14:00:31Z,app/idobata-policy-app,https://github.com/team-mirai/policy/pull/5515
バッチ5,5513,マニフェストの改善：キャッチコピー追加と表現の現代化,2025-07-11T13:53:51Z,app/idobata-policy-app,https://github.com/team-mirai/policy/pull/5513
バッチ5,5512,政策提案：国立病院の財政基盤の安定化,2025-07-11T13:52:31Z,app/idobata-policy-app,https://github.com/team-mirai/policy/pull/5512
バッチ5,5505,義務教育における新しい体育の導入,2025-07-11T13:38:02Z,app/idobata-policy-app,https://github.com/team-mirai/policy/pull/5505
バッチ5,5502,移民政策に関する項目の追加と、慎重な検討を促す基本方針の明記,2025-07-11T13:29:48Z,app/idobata-policy-app,https://github.com/team-mirai/policy/pull/5502
バッチ5,5497,メンタルヘルス政策に関する新たな視点の追加,2025-07-11T13:03:39Z,app/idobata-policy-app,https://github.com/team-mirai/policy/pull/5497
バッチ5,5494,AIと労働力の未来に関する新たな方針の提案,2025-07-11T12:48:14Z,app/idobata-policy-app,https://github.com/team-mirai/policy/pull/5494
バッチ5,5489,選挙期間中のマニフェストの取り扱いに関するルールを追加,2025-07-11T12:30:02Z,app/idobata-policy-app,https://github.com/team-mirai/policy/pull/5489
バッチ6,5488,表現の自由と創作活動の支援に関する政策の追加,2025-07-11T12:28:36Z,app/idobata-policy-app,https://github.com/team-mirai/policy/pull/5488
バッチ6,5487,ともきさんによる東京一極集中の是正と地方創生に関する提案,2025-07-11T12:24:36Z,app/idobata-policy-app,https://github.com/team-mirai/policy/pull/5487
バッチ6,5483,障害児支援の充実と、それが少子化対策にも繋がる視点の追加,2025-07-11T12:17:53Z,app/idobata-policy-app,https://github.com/team-mirai/policy/pull/5483
バッチ6,5480,政策要望の見える化,2025-07-11T12:01:44Z,app/idobata-policy-app,https://github.com/team-mirai/policy/pull/5480
バッチ6,5474,医療制度の持続可能性と公平性に関する改善提案,2025-07-11T11:37:44Z,app/idobata-policy-app,https://github.com/team-mirai/policy/pull/5474
バッチ6,5473,【ゆさん提案】外国人との共生・移民政策に関するたたき台の追加,2025-07-11T11:32:36Z,app/idobata-policy-app,https://github.com/team-mirai/policy/pull/5473
バッチ6,5465,あさんのご提案：子どもの心理的安全性を確保するための施策を追加,2025-07-11T11:13:29Z,app/idobata-policy-app,https://github.com/team-mirai/policy/pull/5465
バッチ6,5463,しおちゃんさんによる政策マニフェスト改善提案,2025-07-11T11:11:04Z,app/idobata-policy-app,https://github.com/team-mirai/policy/pull/5463
バッチ6,5461,のぶちょさんによる医療制度改革の提案,2025-07-11T11:05:59Z,app/idobata-policy-app,https://github.com/team-mirai/policy/pull/5461
バッチ6,5453,グリーンインフラ・流域治水の項目追加,2025-07-11T10:42:33Z,app/idobata-policy-app,https://github.com/team-mirai/policy/pull/5453
バッチ6,5452,自動車関連税の全廃による経済活性化策の提案,2025-07-11T10:42:19Z,app/idobata-policy-app,https://github.com/team-mirai/policy/pull/5452
バッチ6,5451,ひとり親家庭への支援拡充に関する提案,2025-07-11T10:37:01Z,app/idobata-policy-app,https://github.com/team-mirai/policy/pull/5451
バッチ6,5447,選択的夫婦別姓制度の早期実現をマニフェストに明記する提案,2025-07-11T10:21:11Z,app/idobata-policy-app,https://github.com/team-mirai/policy/pull/5447
バッチ6,5443,インボイス制度の見直しを提案,2025-07-11T10:08:09Z,app/idobata-policy-app,https://github.com/team-mirai/policy/pull/5443
バッチ6,5441,[匿名ユーザー様提案] 障害のある方々とその家族への支援拡充,2025-07-11T10:02:15Z,app/idobata-policy-app,https://github.com/team-mirai/policy/pull/5441
バッチ6,5439,性犯罪の厳罰化についての提案,2025-07-11T09:47:53Z,app/idobata-policy-app,https://github.com/team-mirai/policy/pull/5439
バッチ6,5432,エネルギー政策に関する基本姿勢をマニフェストの冒頭に明記,2025-07-11T08:45:34Z,app/idobata-policy-app,https://github.com/team-mirai/policy/pull/5432
バッチ6,5430,政策提案：外国人による土地取得に関する検討項目の追加,2025-07-11T08:40:30Z,app/idobata-policy-app,https://github.com/team-mirai/policy/pull/5430
バッチ6,5426,政策提案：小児性犯罪の厳罰化と再犯防止策の導入,2025-07-11T08:11:58Z,app/idobata-policy-app,https://github.com/team-mirai/policy/pull/5426
バッチ6,5423,【なぎささん提案】READMEに「よくあるご質問」セクションを追加,2025-07-11T08:00:52Z,app/idobata-policy-app,https://github.com/team-mirai/policy/pull/5423
バッチ6,5422,同性婚の法制化をマニフェストに追加,2025-07-11T07:59:39Z,app/idobata-policy-app,https://github.com/team-mirai/policy/pull/5422
バッチ6,5417,産前産後ケアの抜本的拡充（産前休暇の柔軟化と就労環境の改善）,2025-07-11T07:51:06Z,app/idobata-policy-app,https://github.com/team-mirai/policy/pull/5417
バッチ6,5413,移民・難民制度の見直しに関する提案,2025-07-11T07:47:40Z,app/idobata-policy-app,https://github.com/team-mirai/policy/pull/5413
バッチ6,5412,「表現の自由」に関する基本的な考え方を追記,2025-07-11T07:40:13Z,app/idobata-policy-app,https://github.com/team-mirai/policy/pull/5412
バッチ6,5399,ぱやさんによる社会保障をセーフティネットとして明確化する提案,2025-07-11T06:50:35Z,app/idobata-policy-app,https://github.com/team-mirai/policy/pull/5399
バッチ6,5397,卵子凍結への支援策を新設する提案,2025-07-11T06:40:41Z,app/idobata-policy-app,https://github.com/team-mirai/policy/pull/5397
バッチ6,5391,マニフェスト目次の明確化：「外交・安全保障」の追記,2025-07-11T06:25:31Z,app/idobata-policy-app,https://github.com/team-mirai/policy/pull/5391
バッチ6,5386,小林由美子さんからの提案：誰もが相談しやすい仕組みの明記と、外国人との共生に関する政策議論の提起,2025-07-11T05:58:53Z,app/idobata-policy-app,https://github.com/team-mirai/policy/pull/5386
バッチ6,5381,匿名ユーザーからの提案：財源確保と経済活性化に関する総合的な税制改革,2025-07-11T05:42:44Z,app/idobata-policy-app,https://github.com/team-mirai/policy/pull/5381
バッチ6,5380,"【政策提案 by y,f】目次に「外国人との共生社会の実現」の項目を追加",2025-07-11T05:37:35Z,app/idobata-policy-app,https://github.com/team-mirai/policy/pull/5380
バッチ6,5374,オンライン・公共空間における広告の健全化に関する政策の追加,2025-07-11T05:13:37Z,app/idobata-policy-app,https://github.com/team-mirai/policy/pull/5374
バッチ6,5369,moさんによる「在外選挙におけるオンライン投票の導入」の提案,2025-07-11T05:01:47Z,app/idobata-policy-app,https://github.com/team-mirai/policy/pull/5369
バッチ6,5366,政策改善提案：サイバーセキュリティと選挙の透明性強化,2025-07-11T04:40:22Z,app/idobata-policy-app,https://github.com/team-mirai/policy/pull/5366
バッチ6,5365,政策に難病を持つ方々の移行期医療の視点を追加,2025-07-11T04:39:04Z,app/idobata-policy-app,https://github.com/team-mirai/policy/pull/5365
バッチ6,5364,受動喫煙防止対策強化のご提案,2025-07-11T04:35:36Z,app/idobata-policy-app,https://github.com/team-mirai/policy/pull/5364
バッチ6,5363,【みえさん提案】フリーランス・クリエイター支援策の具体化,2025-07-11T04:30:50Z,app/idobata-policy-app,https://github.com/team-mirai/policy/pull/5363
バッチ6,5361,総合的な社会制度改革の提案：被害者支援、入国管理、国土安全保障の強化,2025-07-11T04:27:30Z,app/idobata-policy-app,https://github.com/team-mirai/policy/pull/5361
バッチ6,5360,「多様性の尊重」に関する項目を追加,2025-07-11T04:23:17Z,app/idobata-policy-app,https://github.com/team-mirai/policy/pull/5360
バッチ6,5359,【ながたさん提案】子どもへの性犯罪防止策の強化,2025-07-11T04:21:45Z,app/idobata-policy-app,https://github.com/team-mirai/policy/pull/5359
バッチ6,5358,「地方の福利厚生賃貸」と「地方大学研究CF」による少子化対策と経済成長の新提案,2025-07-11T04:15:02Z,app/idobata-policy-app,https://github.com/team-mirai/policy/pull/5358
バッチ6,5355,変更提案プロセスの透明性向上について,2025-07-11T04:07:40Z,app/idobata-policy-app,https://github.com/team-mirai/policy/pull/5355
バッチ6,5352,特別支援教育に関する記述の追加,2025-07-11T04:01:33Z,app/idobata-policy-app,https://github.com/team-mirai/policy/pull/5352
バッチ6,5349,気候変動の項目追加の提案,2025-07-11T03:41:13Z,app/idobata-policy-app,https://github.com/team-mirai/policy/pull/5349
バッチ6,5344,デジタル化における情報アクセスの選択肢確保に関する提案,2025-07-11T03:03:00Z,app/idobata-policy-app,https://github.com/team-mirai/policy/pull/5344
バッチ6,5342,【みかんさんからのご提案】「働き方」に関する政策の改善,2025-07-11T02:59:31Z,app/idobata-policy-app,https://github.com/team-mirai/policy/pull/5342
バッチ6,5337,子育ての貢献に報いる社会を目指す決意をマニフェストに追加,2025-07-11T02:42:31Z,app/idobata-policy-app,https://github.com/team-mirai/policy/pull/5337
バッチ6,5336,【みかんさん提案】子どもを性犯罪から守るための新政策を追加,2025-07-11T02:40:20Z,app/idobata-policy-app,https://github.com/team-mirai/policy/pull/5336
バッチ6,5335,やえさん発案：政策原則の強化（データ活用・公正な徴税・子ども中心支援）,2025-07-11T02:38:41Z,app/idobata-policy-app,https://github.com/team-mirai/policy/pull/5335
バッチ6,5334,【つおるあさん提案】「注意事項」に政治の安定性に関する項目を追加,2025-07-11T02:30:48Z,app/idobata-policy-app,https://github.com/team-mirai/policy/pull/5334
バッチ6,5333,専門知見の活用と情報格差是正による、より開かれた政策議論の推進,2025-07-11T02:14:59Z,app/idobata-policy-app,https://github.com/team-mirai/policy/pull/5333
バッチ7,5331,Kayさんによる抜本提案：未来志向の税制度（国民貢献税、国民生活投資など）,2025-07-11T01:58:42Z,app/idobata-policy-app,https://github.com/team-mirai/policy/pull/5331
バッチ7,5326,「安定的な皇位継承について」の項目追加,2025-07-11T01:36:28Z,app/idobata-policy-app,https://github.com/team-mirai/policy/pull/5326
バッチ7,5325,男子HPVワクチン接種の公費助成を提案します,2025-07-11T01:34:41Z,app/idobata-policy-app,https://github.com/team-mirai/policy/pull/5325
バッチ7,5322,デジタル民主主義の具体化：電子投票の導入による、誰でも参加しやすい選挙の実現,2025-07-11T01:17:50Z,app/idobata-policy-app,https://github.com/team-mirai/policy/pull/5322
バッチ7,5321,外国人受け入れと外交・安全保障に関する基本方針の追加提案,2025-07-11T01:07:26Z,app/idobata-policy-app,https://github.com/team-mirai/policy/pull/5321
バッチ7,5313,マニフェスト改善の提案：「すべての世代が再チャレンジできる社会へ」の項目追加,2025-07-11T00:26:51Z,app/idobata-policy-app,https://github.com/team-mirai/policy/pull/5313
バッチ7,5307,（京子さん提案）技能実習制度の見直しに関する記述の追加,2025-07-10T23:58:27Z,app/idobata-policy-app,https://github.com/team-mirai/policy/pull/5307
バッチ7,5305,産業政策：企業のバックオフィス業務の抜本的な効率化による生産性向上,2025-07-10T23:39:21Z,app/idobata-policy-app,https://github.com/team-mirai/policy/pull/5305
バッチ7,5304,コロナ後遺症に苦しむ方への支援策を追加,2025-07-10T23:32:40Z,app/idobata-policy-app,https://github.com/team-mirai/policy/pull/5304
バッチ7,5301,有機農業推進のためのオープンデータPF構築の提案,2025-07-10T23:22:45Z,app/idobata-policy-app,https://github.com/team-mirai/policy/pull/5301
バッチ7,5300,交通事故被害者救済のための任意保険加入義務化のご提案,2025-07-10T23:21:28Z,app/idobata-policy-app,https://github.com/team-mirai/policy/pull/5300
バッチ7,5294,AI時代に対応したセーフティネットの強化を提案します,2025-07-10T22:47:09Z,app/idobata-policy-app,https://github.com/team-mirai/policy/pull/5294
バッチ7,5288,【きゅんさん提案】外国人との共生と安全に関する原則を追加,2025-07-10T21:03:10Z,app/idobata-policy-app,https://github.com/team-mirai/policy/pull/5288
バッチ7,5280,「誰も取り残さない」環境整備の具体化 by 匿名ユーザー,2025-07-10T18:40:31Z,app/idobata-policy-app,https://github.com/team-mirai/policy/pull/5280
バッチ7,5278,皇位継承に関する国民的議論の促進,2025-07-10T18:26:57Z,app/idobata-policy-app,https://github.com/team-mirai/policy/pull/5278
バッチ7,5276,緊急連絡先（バグ報告窓口）の明記による利用案内の改善,2025-07-10T18:11:13Z,app/idobata-policy-app,https://github.com/team-mirai/policy/pull/5276
バッチ7,5269,【まるさん提案】セキュリティと保守体制に関する項目を追加,2025-07-10T16:33:31Z,app/idobata-policy-app,https://github.com/team-mirai/policy/pull/5269
バッチ7,5266,団塊ジュニア世代など、多様な世代への配慮を明記する提案,2025-07-10T16:22:43Z,app/idobata-policy-app,https://github.com/team-mirai/policy/pull/5266
バッチ7,5262,「多様な家族のあり方」に関する政策を追加,2025-07-10T15:40:22Z,app/idobata-policy-app,https://github.com/team-mirai/policy/pull/5262
バッチ7,5253,【匿名ユーザーさん提案】インクルーシブ教育と特別な支援が必要な家庭への支援強化,2025-07-10T15:00:39Z,app/idobata-policy-app,https://github.com/team-mirai/policy/pull/5253
バッチ7,5250,外国人との共生と安全な社会の実現に向けた政策提案,2025-07-10T14:53:42Z,app/idobata-policy-app,https://github.com/team-mirai/policy/pull/5250
バッチ7,5249,「多様な家族観の尊重」に関する項目追加,2025-07-10T14:49:02Z,app/idobata-policy-app,https://github.com/team-mirai/policy/pull/5249
バッチ7,5248,「チームみらいについて」に国益と国民の幸福を優先する理念を追加,2025-07-10T14:45:44Z,app/idobata-policy-app,https://github.com/team-mirai/policy/pull/5248
バッチ7,5247,平尾さんによる改善のご提案：支援制度の透明性と土地利用の基本方針について,2025-07-10T14:40:59Z,app/idobata-policy-app,https://github.com/team-mirai/policy/pull/5247
バッチ7,5242,人権に関する基本姿勢の拡充：同性婚の法制化と国際平和の希求について,2025-07-10T14:23:43Z,app/idobata-policy-app,https://github.com/team-mirai/policy/pull/5242
バッチ7,5237,匿名ユーザーによる改善提案：子どもの居場所確保と学習環境の改善,2025-07-10T14:14:10Z,app/idobata-policy-app,https://github.com/team-mirai/policy/pull/5237
バッチ7,5227,匿名ユーザーによる発達障害を持つ子ども向けのAI学習ツール開発の提案,2025-07-10T13:36:48Z,app/idobata-policy-app,https://github.com/team-mirai/policy/pull/5227
バッチ7,5226,まるさんより：高等教育への支援として、成果連動型の貸与型奨学金制度を提案,2025-07-10T13:34:33Z,app/idobata-policy-app,https://github.com/team-mirai/policy/pull/5226
バッチ7,5223,外国人労働者の受け入れに関する方針の追加提案,2025-07-10T13:23:17Z,app/idobata-policy-app,https://github.com/team-mirai/policy/pull/5223
バッチ7,5221,教育制度の柔軟化：個々の発達に応じた学びの実現,2025-07-10T13:18:16Z,app/idobata-policy-app,https://github.com/team-mirai/policy/pull/5221
バッチ7,5211,【かおさん提案】ジェンダー平等の項目追加とクオータ制導入の検討,2025-07-10T12:55:11Z,app/idobata-policy-app,https://github.com/team-mirai/policy/pull/5211
バッチ7,5207,【なちさん提案】工業高校・高専への支援強化による、未来の技術者育成,2025-07-10T12:45:43Z,app/idobata-policy-app,https://github.com/team-mirai/policy/pull/5207
バッチ7,5202,タクシー運転手の労働環境改善に向けた休憩所の設置,2025-07-10T12:39:13Z,app/idobata-policy-app,https://github.com/team-mirai/policy/pull/5202
バッチ7,5194,Yukiさんの提案：デジタル民主主義推進のため、地方自治体との連携強化を明記,2025-07-10T12:09:40Z,app/idobata-policy-app,https://github.com/team-mirai/policy/pull/5194
バッチ7,5189,教育分野における金融・主権者教育の導入提案,2025-07-10T11:53:52Z,app/idobata-policy-app,https://github.com/team-mirai/policy/pull/5189
バッチ7,5187,終末期医療における意思決定支援の強化：リビングウィル作成支援と普及,2025-07-10T11:45:43Z,app/idobata-policy-app,https://github.com/team-mirai/policy/pull/5187
バッチ7,5183,【まつさん提案】OTC類似薬の保険適用維持の方針を医療政策に明記,2025-07-10T11:43:35Z,app/idobata-policy-app,https://github.com/team-mirai/policy/pull/5183
バッチ7,5181,国の根幹に関わるテーマへの慎重な検討姿勢を明記,2025-07-10T11:40:46Z,app/idobata-policy-app,https://github.com/team-mirai/policy/pull/5181
バッチ7,5179,feat(policy): 匿名ユーザーの提案に基づき尊厳死・安楽死の項目を追加,2025-07-10T11:28:53Z,app/idobata-policy-app,https://github.com/team-mirai/policy/pull/5179
バッチ7,5176,【AIの代理投稿】なち様より頂いた新規政策案（システムエラーにより代理投稿）,2025-07-10T11:20:35Z,app/idobata-policy-app,https://github.com/team-mirai/policy/pull/5176
バッチ7,5168,【匿名ユーザー様ご提案】生成AIの学習と著作権に関する原則を追記,2025-07-10T10:41:30Z,app/idobata-policy-app,https://github.com/team-mirai/policy/pull/5168
バッチ7,5165,井上さん提案：AI等を活用した地域交通の支援策を追加,2025-07-10T10:35:09Z,app/idobata-policy-app,https://github.com/team-mirai/policy/pull/5165
バッチ7,5162,【改善提案】ベーシックインカム導入の検討項目を追加,2025-07-10T10:31:38Z,app/idobata-policy-app,https://github.com/team-mirai/policy/pull/5162
バッチ7,5159,注意事項にデジタルと物理的選択肢の共存に関する原則を追加,2025-07-10T10:21:34Z,app/idobata-policy-app,https://github.com/team-mirai/policy/pull/5159
バッチ7,5157,AIと著作権に関する項目を追加,2025-07-10T10:09:26Z,app/idobata-policy-app,https://github.com/team-mirai/policy/pull/5157
バッチ7,5155,奨学金問題の解決に向け、現世代への負担軽減を求める改善案,2025-07-10T09:56:51Z,app/idobata-policy-app,https://github.com/team-mirai/policy/pull/5155
バッチ7,5153,【匿名ユーザーさん提案】表現の自由に関する方針を追加,2025-07-10T09:45:35Z,app/idobata-policy-app,https://github.com/team-mirai/policy/pull/5153
バッチ7,5152,緊急事態条項に関する見解を追加,2025-07-10T09:42:35Z,app/idobata-policy-app,https://github.com/team-mirai/policy/pull/5152
バッチ7,5147,「注意事項」へのユニバーサルな安全性の原則の追加,2025-07-10T09:22:26Z,app/idobata-policy-app,https://github.com/team-mirai/policy/pull/5147
バッチ7,5146,文化政策の新設,2025-07-10T09:21:12Z,app/idobata-policy-app,https://github.com/team-mirai/policy/pull/5146
バッチ8,5145,生成AIの健全な利用促進とクリエイター及び市民の権利保護に関する提案,2025-07-10T09:19:59Z,app/idobata-policy-app,https://github.com/team-mirai/policy/pull/5145
バッチ8,5143,チームの基本理念として国際人権規範の尊重を明記する提案,2025-07-10T09:09:16Z,app/idobata-policy-app,https://github.com/team-mirai/policy/pull/5143
バッチ8,5127,あいさんの提案：実践的なアプローチの追記で、マニフェストの実効性を強化,2025-07-10T07:44:00Z,app/idobata-policy-app,https://github.com/team-mirai/policy/pull/5127
バッチ8,5126,選択的夫婦別姓に関する基本姿勢の追記,2025-07-10T07:43:49Z,app/idobata-policy-app,https://github.com/team-mirai/policy/pull/5126
バッチ8,5125,匿名ユーザーからの問題提起：終末期医療のあり方についての議論を追記,2025-07-10T07:40:44Z,app/idobata-policy-app,https://github.com/team-mirai/policy/pull/5125
バッチ8,5124,エネルギー政策の強化：国主導の原子力活用を提案,2025-07-10T07:35:09Z,app/idobata-policy-app,https://github.com/team-mirai/policy/pull/5124
バッチ8,5112,対米外交・通商政策に関する方針の追加,2025-07-10T06:31:10Z,app/idobata-policy-app,https://github.com/team-mirai/policy/pull/5112
バッチ8,5111,feat: 障害福祉の新規項目追加とバリアフリー政策の提案,2025-07-10T06:31:07Z,app/idobata-policy-app,https://github.com/team-mirai/policy/pull/5111
バッチ8,5110,わかさんによる改善提案：ジェンダー・セクシュアリティに関する包括的政策の追加,2025-07-10T06:26:30Z,app/idobata-policy-app,https://github.com/team-mirai/policy/pull/5110
バッチ8,5105,政策要望への対応スケジュールを明確化,2025-07-10T05:58:52Z,app/idobata-policy-app,https://github.com/team-mirai/policy/pull/5105
バッチ8,5099,【匿名ユーザーによる改善提案】性の多様性に関する基本方針の追加,2025-07-10T05:45:54Z,app/idobata-policy-app,https://github.com/team-mirai/policy/pull/5099
バッチ8,5096,生活保護制度に関する見直し提案,2025-07-10T05:38:43Z,app/idobata-policy-app,https://github.com/team-mirai/policy/pull/5096
バッチ8,5094,ちかえもんさんのご意見を反映し、外国人との共生に関する基本的な考え方を追加,2025-07-10T05:24:32Z,app/idobata-policy-app,https://github.com/team-mirai/policy/pull/5094
バッチ8,5091,水産業に関する政策の追加,2025-07-10T05:09:27Z,app/idobata-policy-app,https://github.com/team-mirai/policy/pull/5091
バッチ8,5088,就職氷河期世代支援の追加と政策の基本原則の明確化,2025-07-10T05:02:26Z,app/idobata-policy-app,https://github.com/team-mirai/policy/pull/5088
バッチ8,5085,Y3さんの提案：「立憲主義の堅持と、揺るぎない基本的人権の擁護」の章を追加,2025-07-10T04:49:12Z,app/idobata-policy-app,https://github.com/team-mirai/policy/pull/5085
バッチ8,5076,沖縄の基地跡地利用と経済振興による新たな安全保障モデルの提案,2025-07-10T04:17:50Z,app/idobata-policy-app,https://github.com/team-mirai/policy/pull/5076
バッチ8,5073,「チームみらいについて」に公平性と説明責任の原則を追記する提案 by こはるさん,2025-07-10T04:08:54Z,app/idobata-policy-app,https://github.com/team-mirai/policy/pull/5073
バッチ8,5069,「変更提案について」の表現修正（README.md）,2025-07-10T04:00:58Z,aihojo,https://github.com/team-mirai/policy/pull/5069
バッチ8,5065,【みかんさん提案】「税金の見える化」で政治をもっと身近に,2025-07-10T03:40:26Z,app/idobata-policy-app,https://github.com/team-mirai/policy/pull/5065
バッチ8,5064,【西村祐二からの提案】政治倫理確立のため、独立した第三者機関（日本版IPSA）を設置,2025-07-10T03:37:13Z,app/idobata-policy-app,https://github.com/team-mirai/policy/pull/5064
バッチ8,5063,【しの様提案】日本版DBSの導入と強化による子どもたちの保護,2025-07-10T03:33:43Z,app/idobata-policy-app,https://github.com/team-mirai/policy/pull/5063
バッチ8,5059,マニフェストへの同性婚法制化と選択的夫婦別姓導入の明記,2025-07-10T03:24:33Z,app/idobata-policy-app,https://github.com/team-mirai/policy/pull/5059
バッチ8,5057,【aiからの提案】男女が協力して子育てできる社会の実現に向けた理念の明確化,2025-07-10T03:19:57Z,app/idobata-policy-app,https://github.com/team-mirai/policy/pull/5057
バッチ8,5055,AI開発者の責任と利用者のデータ保護強化を提案,2025-07-10T03:15:57Z,app/idobata-policy-app,https://github.com/team-mirai/policy/pull/5055
バッチ8,5051,自動運転技術の導入戦略についての提案,2025-07-10T03:11:54Z,app/idobata-policy-app,https://github.com/team-mirai/policy/pull/5051
バッチ8,5046,docs: 医療サービスへの影響に関する注意事項を追加,2025-07-10T02:58:04Z,app/idobata-policy-app,https://github.com/team-mirai/policy/pull/5046
バッチ8,5044,「プッシュ型支援」の基本方針をマニフェストに明記する提案,2025-07-10T02:52:33Z,app/idobata-policy-app,https://github.com/team-mirai/policy/pull/5044
バッチ8,5036,年少扶養控除の復活による子育て支援強化の提案,2025-07-10T02:20:04Z,app/idobata-policy-app,https://github.com/team-mirai/policy/pull/5036
バッチ8,5034,おがわ様による医療費控除の自動化に関する改善提案,2025-07-10T02:17:29Z,app/idobata-policy-app,https://github.com/team-mirai/policy/pull/5034
バッチ8,5026,ご意見を反映し、所得制限に関する議論を促す文言を追加,2025-07-10T01:46:46Z,app/idobata-policy-app,https://github.com/team-mirai/policy/pull/5026
バッチ8,5024,エネルギー政策の改善案：日本の地理的特徴と未利用エネルギーの活用,2025-07-10T01:36:16Z,app/idobata-policy-app,https://github.com/team-mirai/policy/pull/5024
バッチ8,5020,マニフェストをより多くの人に分かりやすくする改善,2025-07-10T01:19:14Z,app/idobata-policy-app,https://github.com/team-mirai/policy/pull/5020
バッチ8,5019,自転車利用者の安全確保と、自動車先進技術による交通安全の推進,2025-07-10T01:18:49Z,app/idobata-policy-app,https://github.com/team-mirai/policy/pull/5019
バッチ8,5017,憲法に関する考え方の追加,2025-07-10T01:16:54Z,app/idobata-policy-app,https://github.com/team-mirai/policy/pull/5017
バッチ8,5016,匿名ユーザーさんによる選択的夫婦別姓の早期実現に関する提案,2025-07-10T01:15:18Z,app/idobata-policy-app,https://github.com/team-mirai/policy/pull/5016
バッチ8,5015,外国人との共生に関する政策（なむさん提案）の追加,2025-07-10T01:07:28Z,app/idobata-policy-app,https://github.com/team-mirai/policy/pull/5015
バッチ8,5002,「子育て支援の抜本的見直し」に関する改善提案,2025-07-09T16:28:07Z,app/idobata-policy-app,https://github.com/team-mirai/policy/pull/5002
バッチ8,4999,aiaiさんによるREADME.mdの改善提案（ユーザビリティ向上）,2025-07-09T16:01:34Z,app/idobata-policy-app,https://github.com/team-mirai/policy/pull/4999
バッチ8,4996,芸術文化への投資に関する提案,2025-07-09T15:56:47Z,app/idobata-policy-app,https://github.com/team-mirai/policy/pull/4996
バッチ8,4994,【らいむさん提案】農業政策の追加：小規模・家族農業への支援強化,2025-07-09T15:52:36Z,app/idobata-policy-app,https://github.com/team-mirai/policy/pull/4994
バッチ8,4992,【まさんご提案】外交・安全保障の基本方針を追加,2025-07-09T15:50:48Z,app/idobata-policy-app,https://github.com/team-mirai/policy/pull/4992
バッチ8,4989,【taさん提案】子育て支援：スタッフ常駐の屋内遊び場の設置,2025-07-09T15:34:16Z,app/idobata-policy-app,https://github.com/team-mirai/policy/pull/4989
バッチ8,4988,READMEの議論中テーマに解雇規制とセーフティネットの議論を追加,2025-07-09T15:26:51Z,app/idobata-policy-app,https://github.com/team-mirai/policy/pull/4988
バッチ8,4980,OTC類似薬の保険適用維持による医療アクセス確保の提案,2025-07-09T15:03:56Z,app/idobata-policy-app,https://github.com/team-mirai/policy/pull/4980
バッチ8,4973,子育て支援：こどもたちの文化芸術体験の機会創出,2025-07-09T14:41:22Z,app/idobata-policy-app,https://github.com/team-mirai/policy/pull/4973
バッチ8,4970,出入国管理の厳格化に関する検討事項の追記,2025-07-09T14:38:06Z,app/idobata-policy-app,https://github.com/team-mirai/policy/pull/4970
バッチ8,4968,中間層、特に子育て世帯の税負担軽減に関する基本方針の追加,2025-07-09T14:32:58Z,app/idobata-policy-app,https://github.com/team-mirai/policy/pull/4968
バッチ8,4967,医師の地域偏在・診療科偏在の是正,2025-07-09T14:32:45Z,app/idobata-policy-app,https://github.com/team-mirai/policy/pull/4967
バッチ8,4965,【匿名さん提案】障害者支援及び性犯罪対策の抜本的改革,2025-07-09T14:30:58Z,app/idobata-policy-app,https://github.com/team-mirai/policy/pull/4965
バッチ9,4959,障害者支援の充実：情報連携による切れ目のないサポート体制の構築,2025-07-09T14:02:20Z,app/idobata-policy-app,https://github.com/team-mirai/policy/pull/4959
バッチ9,4951,itaさん提案：妊婦健診の完全無料化による母子支援強化,2025-07-09T13:36:03Z,app/idobata-policy-app,https://github.com/team-mirai/policy/pull/4951
バッチ9,4948,【みみみさん提案】産業政策の改訂：AI時代を見据えた第一次産業・伝統技術の保護と継承,2025-07-09T13:25:24Z,app/idobata-policy-app,https://github.com/team-mirai/policy/pull/4948
バッチ9,4934,マイナンバーカードと生体認証を活用した投票制度の提案,2025-07-09T12:32:10Z,app/idobata-policy-app,https://github.com/team-mirai/policy/pull/4934
バッチ9,4926,AIの活用と責任に関する原則の追記提案,2025-07-09T11:51:44Z,app/idobata-policy-app,https://github.com/team-mirai/policy/pull/4926
バッチ9,4918,憲法に関する基本姿勢の追記のご提案,2025-07-09T11:20:39Z,app/idobata-policy-app,https://github.com/team-mirai/policy/pull/4918
バッチ9,4913,高齢者やデジタルが苦手な方々へのサポート強化の提案,2025-07-09T11:12:49Z,app/idobata-policy-app,https://github.com/team-mirai/policy/pull/4913
バッチ9,4910,金融課税に関する方針の明確化,2025-07-09T11:09:14Z,app/idobata-policy-app,https://github.com/team-mirai/policy/pull/4910
バッチ9,4908,【紋加さんからのご提案】「子育て減税」の対象年齢に関する議論の具体例を追記,2025-07-09T11:04:18Z,app/idobata-policy-app,https://github.com/team-mirai/policy/pull/4908
バッチ9,4904,ミヤさんからの提案：教育現場のICT環境改善,2025-07-09T10:40:45Z,app/idobata-policy-app,https://github.com/team-mirai/policy/pull/4904
バッチ9,4887,子育て支援に関する2つの改善提案（れもんさんより）,2025-07-09T09:33:21Z,app/idobata-policy-app,https://github.com/team-mirai/policy/pull/4887
バッチ9,4883,選挙期間中におけるマニフェストの更新プロセスを明記,2025-07-09T09:18:17Z,app/idobata-policy-app,https://github.com/team-mirai/policy/pull/4883
バッチ9,4879,にいくら様からのご提案：外国人土地取得およびオーバーツーリズム対策の追加,2025-07-09T09:10:03Z,app/idobata-policy-app,https://github.com/team-mirai/policy/pull/4879
バッチ9,4874,AI活用の原則を明確化,2025-07-09T08:57:05Z,app/idobata-policy-app,https://github.com/team-mirai/policy/pull/4874
バッチ9,4870,たかはしさんのご意見を反映：子育て支援に関する議論の具体例を追記,2025-07-09T08:32:10Z,app/idobata-policy-app,https://github.com/team-mirai/policy/pull/4870
バッチ9,4865,母子手帳のデジタル化と紙媒体の併用を提案,2025-07-09T08:20:02Z,app/idobata-policy-app,https://github.com/team-mirai/policy/pull/4865
バッチ9,4863,物流政策の新規追加（北海道から食品を全国へ届けるTさんからの提案）,2025-07-09T08:08:14Z,app/idobata-policy-app,https://github.com/team-mirai/policy/pull/4863
バッチ9,4861,子育て支援政策に関する改善提案,2025-07-09T08:01:50Z,app/idobata-policy-app,https://github.com/team-mirai/policy/pull/4861
バッチ9,4860,【改善提案】障害者のための住宅セーフティネット強化,2025-07-09T07:59:41Z,app/idobata-policy-app,https://github.com/team-mirai/policy/pull/4860
バッチ9,4857,なるみさんによる教育改革案のご提案,2025-07-09T07:41:41Z,app/idobata-policy-app,https://github.com/team-mirai/policy/pull/4857
バッチ9,4854,住宅政策の追加による投機的開発の抑制,2025-07-09T07:32:45Z,app/idobata-policy-app,https://github.com/team-mirai/policy/pull/4854
バッチ9,4852,【やまだまやさん提案】インボイス制度の廃止を検討,2025-07-09T07:25:51Z,app/idobata-policy-app,https://github.com/team-mirai/policy/pull/4852
バッチ9,4849,教育分野への専門アドバイザー配置によるICT活用支援の提案,2025-07-09T07:12:43Z,app/idobata-policy-app,https://github.com/team-mirai/policy/pull/4849
バッチ9,4841,【匿名ユーザー提案】子どもの歯列矯正への保険適用,2025-07-09T06:50:58Z,app/idobata-policy-app,https://github.com/team-mirai/policy/pull/4841
バッチ9,4839,AIの活用と責任に関する原則の明確化,2025-07-09T06:43:47Z,app/idobata-policy-app,https://github.com/team-mirai/policy/pull/4839
バッチ9,4838,マイナンバーカードの国際化対応についての提案,2025-07-09T06:43:33Z,app/idobata-policy-app,https://github.com/team-mirai/policy/pull/4838
バッチ9,4836,【匿名ユーザーさん提案】寄付制度の改革案を追加,2025-07-09T06:39:07Z,app/idobata-policy-app,https://github.com/team-mirai/policy/pull/4836
バッチ9,4834,新しい税制の仕組み（納税コストゼロ社会）の提案,2025-07-09T06:36:18Z,app/idobata-policy-app,https://github.com/team-mirai/policy/pull/4834
バッチ9,4821,皇位継承に関する方針の追加,2025-07-09T05:58:47Z,app/idobata-policy-app,https://github.com/team-mirai/policy/pull/4821
バッチ9,4819,国保の子供の均等割免除による子育て支援の拡充,2025-07-09T05:55:13Z,app/idobata-policy-app,https://github.com/team-mirai/policy/pull/4819
バッチ9,4808,消費税減税と、その財源のあり方に関する具体的な提案,2025-07-09T05:22:09Z,app/idobata-policy-app,https://github.com/team-mirai/policy/pull/4808
バッチ9,4805,やくもさんからの改善のご提案：表現の自由・医療制度について,2025-07-09T05:16:43Z,app/idobata-policy-app,https://github.com/team-mirai/policy/pull/4805
バッチ9,4798,MM様からのご提案（医療分野）：医療DXによる多言語対応と医師の負担軽減,2025-07-09T05:01:04Z,app/idobata-policy-app,https://github.com/team-mirai/policy/pull/4798
バッチ9,4797,学校給食の充実と食育の推進に関する提案,2025-07-09T04:59:46Z,app/idobata-policy-app,https://github.com/team-mirai/policy/pull/4797
バッチ9,4796,【花子さん提案】情報発信に関する姿勢を追記,2025-07-09T04:59:41Z,app/idobata-policy-app,https://github.com/team-mirai/policy/pull/4796
バッチ9,4794,【kyoさんによる改善提案】「表現の自由と創作活動の保護」に関する項目を追加,2025-07-09T04:57:26Z,app/idobata-policy-app,https://github.com/team-mirai/policy/pull/4794
バッチ9,4791,保育園の午睡（お昼寝）の運用を、もっと柔軟にするための提案,2025-07-09T04:45:37Z,app/idobata-policy-app,https://github.com/team-mirai/policy/pull/4791
バッチ9,4781,【医療費削減】予防医療の強化：ワクチン接種への経済的支援拡充による提案,2025-07-09T04:20:22Z,app/idobata-policy-app,https://github.com/team-mirai/policy/pull/4781
バッチ9,4775,提案：母子手帳のデジタル・アナログ併用に関する意見をマニフェストに反映,2025-07-09T04:09:29Z,app/idobata-policy-app,https://github.com/team-mirai/policy/pull/4775
バッチ9,4772,【みるくさん提案】産休開始時期の前倒し（32週から）による、安心して子育てできる社会の実現,2025-07-09T03:59:55Z,app/idobata-policy-app,https://github.com/team-mirai/policy/pull/4772
バッチ9,4771,外国人政策に関する新規提案,2025-07-09T03:58:55Z,app/idobata-policy-app,https://github.com/team-mirai/policy/pull/4771
バッチ9,4770,「国歌の民主化」と「受刑者の人権」の検討開始,2025-07-09T03:58:55Z,app/idobata-policy-app,https://github.com/team-mirai/policy/pull/4770
バッチ9,4765,【あめさん提案】若年層の未来を後押しする経済的支援策の追加,2025-07-09T03:51:59Z,app/idobata-policy-app,https://github.com/team-mirai/policy/pull/4765
バッチ9,4763,【スミママさん提案】障害児支援に関する所得制限の緩和と行政手続きの改善,2025-07-09T03:44:37Z,app/idobata-policy-app,https://github.com/team-mirai/policy/pull/4763
バッチ9,4756,新政策『多極集中型の地方創生』の追加提案,2025-07-09T03:19:45Z,app/idobata-policy-app,https://github.com/team-mirai/policy/pull/4756
バッチ9,4751,るさんからの改善提案：小児歯列矯正の保険適用,2025-07-09T03:07:13Z,app/idobata-policy-app,https://github.com/team-mirai/policy/pull/4751
バッチ9,4748,政策提案：選択的夫婦別姓制度の導入,2025-07-09T02:58:48Z,app/idobata-policy-app,https://github.com/team-mirai/policy/pull/4748
バッチ9,4746,「注意事項」に人権尊重に関する項目を追加,2025-07-09T02:57:40Z,app/idobata-policy-app,https://github.com/team-mirai/policy/pull/4746
バッチ9,4734,りなさんによる「性犯罪対策の強化」のご提案,2025-07-09T02:28:25Z,app/idobata-policy-app,https://github.com/team-mirai/policy/pull/4734
バッチ9,4733,匿名ユーザーによる外国人への生活保護に関する政策提案,2025-07-09T02:25:54Z,app/idobata-policy-app,https://github.com/team-mirai/policy/pull/4733
バッチ10,4730,あさんの提案：納税している障害者の医療費等に関する所得制限の撤廃,2025-07-09T02:23:47Z,app/idobata-policy-app,https://github.com/team-mirai/policy/pull/4730
バッチ10,4728,マニフェストの対象読者と対話方法の明確化,2025-07-09T02:14:25Z,app/idobata-policy-app,https://github.com/team-mirai/policy/pull/4728
バッチ10,4727,非正規雇用の原則禁止と同一労働同一賃金の徹底,2025-07-09T02:10:52Z,app/idobata-policy-app,https://github.com/team-mirai/policy/pull/4727
バッチ10,4725,匿名ユーザーによる「難民・移民政策」の新設提案,2025-07-09T02:03:29Z,app/idobata-policy-app,https://github.com/team-mirai/policy/pull/4725
バッチ10,4722,おおた様提案：マニフェストに「皇室」の項目を追加,2025-07-09T02:00:31Z,app/idobata-policy-app,https://github.com/team-mirai/policy/pull/4722
バッチ10,4714,国民年金保険料の免除対象者の範囲拡大についての提案,2025-07-09T01:36:43Z,app/idobata-policy-app,https://github.com/team-mirai/policy/pull/4714
バッチ10,4711,子育て世帯への継続的な経済的支援策の追加提案,2025-07-09T01:28:27Z,app/idobata-policy-app,https://github.com/team-mirai/policy/pull/4711
バッチ10,4707,匿名ユーザーによる「予備保育士」制度の提案をマニフェストに追記,2025-07-09T01:22:54Z,app/idobata-policy-app,https://github.com/team-mirai/policy/pull/4707
バッチ10,4704,ぶんさんによる「外国人政策」の項目追加の提案,2025-07-09T01:11:59Z,app/idobata-policy-app,https://github.com/team-mirai/policy/pull/4704
バッチ10,4702,所得税の障害者控除の見直しを検討課題として追加,2025-07-09T00:59:06Z,app/idobata-policy-app,https://github.com/team-mirai/policy/pull/4702
バッチ10,4698,幼稚園の魅力周知と子ども家庭庁の管轄に関する改善提案,2025-07-09T00:43:57Z,app/idobata-policy-app,https://github.com/team-mirai/policy/pull/4698
バッチ10,4694,ステップ1の子育て支援に不育症サポートを追記,2025-07-09T00:20:02Z,app/idobata-policy-app,https://github.com/team-mirai/policy/pull/4694
バッチ10,4693,政策提案：同性婚の法制化による多様性の尊重,2025-07-09T00:19:10Z,app/idobata-policy-app,https://github.com/team-mirai/policy/pull/4693
バッチ10,4691,"やえさんによる複数の重要政策(BI,マイナンバー,医療)に関する改善提案",2025-07-09T00:15:56Z,app/idobata-policy-app,https://github.com/team-mirai/policy/pull/4691
バッチ10,4689,匿名ユーザーからの提案：持続可能で魅力的な農業政策の追加,2025-07-09T00:09:30Z,app/idobata-policy-app,https://github.com/team-mirai/policy/pull/4689
バッチ10,4686,匿名ユーザーによる障がい児支援の拡充に関する提案,2025-07-09T00:00:57Z,app/idobata-policy-app,https://github.com/team-mirai/policy/pull/4686
バッチ10,4683,ドメイン投票方式の導入提案,2025-07-08T23:44:07Z,app/idobata-policy-app,https://github.com/team-mirai/policy/pull/4683
バッチ10,4681,松崎彰剛さんの提案：「くらしと行政」におけるDX推進専門組織の創設,2025-07-08T23:11:41Z,app/idobata-policy-app,https://github.com/team-mirai/policy/pull/4681
バッチ10,4677,ymrlさんによる人権尊重とAI倫理に関する基本方針の明記提案,2025-07-08T22:58:50Z,app/idobata-policy-app,https://github.com/team-mirai/policy/pull/4677
バッチ10,4676,多様な家族のあり方に関する議論を追記,2025-07-08T22:58:25Z,app/idobata-policy-app,https://github.com/team-mirai/policy/pull/4676
バッチ10,4675,交通政策を新設し、自動運転の導入を提案,2025-07-08T22:55:50Z,app/idobata-policy-app,https://github.com/team-mirai/policy/pull/4675
バッチ10,4674,外国人政策に関する新規提案,2025-07-08T22:52:23Z,app/idobata-policy-app,https://github.com/team-mirai/policy/pull/4674
バッチ10,4671,気候危機対策を最優先課題として明記する改善提案,2025-07-08T22:18:26Z,app/idobata-policy-app,https://github.com/team-mirai/policy/pull/4671
バッチ10,4669,w.s.さんによる移民政策の新規提案,2025-07-08T19:40:38Z,app/idobata-policy-app,https://github.com/team-mirai/policy/pull/4669
バッチ10,4668,「デジタル社会における心の健康」に関する新しい政策分野の提案,2025-07-08T19:07:37Z,app/idobata-policy-app,https://github.com/team-mirai/policy/pull/4668
バッチ10,4666,【匿名ユーザー提案】農業分野の明確化のため、目次を修正,2025-07-08T18:54:21Z,app/idobata-policy-app,https://github.com/team-mirai/policy/pull/4666
バッチ10,4664,多様性に関する基本姿勢として、同性婚への賛成を明記する提案,2025-07-08T18:25:25Z,app/idobata-policy-app,https://github.com/team-mirai/policy/pull/4664
バッチ10,4660,AIによる意見の取り扱いに関する原則の明確化,2025-07-08T17:58:03Z,app/idobata-policy-app,https://github.com/team-mirai/policy/pull/4660
バッチ10,4657,「データに基づいたバランスの取れた意思決定」をマニフェストに明記,2025-07-08T17:27:48Z,app/idobata-policy-app,https://github.com/team-mirai/policy/pull/4657
バッチ10,4644,まつさんからの改善提案：ベーシックサービスと政治の信頼性向上,2025-07-08T16:21:52Z,app/idobata-policy-app,https://github.com/team-mirai/policy/pull/4644
バッチ10,4640,子どもたちを性被害から守るための対策を新規追加,2025-07-08T16:01:47Z,app/idobata-policy-app,https://github.com/team-mirai/policy/pull/4640
バッチ10,4638,匿名希望Hさんとりんごさんによる改善提案,2025-07-08T16:00:59Z,app/idobata-policy-app,https://github.com/team-mirai/policy/pull/4638
バッチ10,4633,国家目標と長期ロードマップの策定に関するビジョンを追記,2025-07-08T15:37:58Z,app/idobata-policy-app,https://github.com/team-mirai/policy/pull/4633
バッチ10,4631,1日の時間を36時間にする,2025-07-08T15:32:31Z,app/idobata-policy-app,https://github.com/team-mirai/policy/pull/4631
バッチ10,4622,マニフェストの基本原則に国債発行の厳格化を追記,2025-07-08T14:59:04Z,app/idobata-policy-app,https://github.com/team-mirai/policy/pull/4622
バッチ10,4621,「子どもは国の宝」という理念をマニフェストの基本方針に盛り込む提案,2025-07-08T14:53:38Z,app/idobata-policy-app,https://github.com/team-mirai/policy/pull/4621
バッチ10,4618,同性婚の法制化に賛成する立場を明確化,2025-07-08T14:38:10Z,app/idobata-policy-app,https://github.com/team-mirai/policy/pull/4618
バッチ10,4612,生理用品の消費税を撤廃し、女性の健康を社会で支える提案,2025-07-08T14:22:41Z,app/idobata-policy-app,https://github.com/team-mirai/policy/pull/4612
バッチ10,4594,政策改善提案：選択的夫婦別姓に関する議論の追加,2025-07-08T13:40:12Z,app/idobata-policy-app,https://github.com/team-mirai/policy/pull/4594
バッチ10,4591,農業政策の新規追加：兼業農家支援による食料安定供給の実現,2025-07-08T13:38:52Z,app/idobata-policy-app,https://github.com/team-mirai/policy/pull/4591
バッチ10,4590,提案：Web3時代を見据えた暗号資産・ブロックチェーン戦略の更新,2025-07-08T13:34:49Z,app/idobata-policy-app,https://github.com/team-mirai/policy/pull/4590
バッチ10,4582,医薬品の安定供給に向けた薬価制度の見直しについて,2025-07-08T13:09:10Z,app/idobata-policy-app,https://github.com/team-mirai/policy/pull/4582
バッチ10,4578,匿名ユーザーによる改善提案：選択的夫婦別姓の実現,2025-07-08T12:54:38Z,app/idobata-policy-app,https://github.com/team-mirai/policy/pull/4578
バッチ10,4572,重要な医薬品・医療機器等の国内生産を促すための政策提案,2025-07-08T12:40:31Z,app/idobata-policy-app,https://github.com/team-mirai/policy/pull/4572
バッチ10,4568,医療制度の持続可能性確保に向けた政策の追加,2025-07-08T12:26:56Z,app/idobata-policy-app,https://github.com/team-mirai/policy/pull/4568
バッチ10,4567,【まつさん提案】子育て支援の具体例をマニフェestoに追記,2025-07-08T12:26:46Z,app/idobata-policy-app,https://github.com/team-mirai/policy/pull/4567
バッチ10,4559,選挙期間中のマニフェスト変更に関するルールを追加,2025-07-08T12:02:48Z,app/idobata-policy-app,https://github.com/team-mirai/policy/pull/4559
バッチ10,4546,家族制度の議論における慎重な姿勢と具体的懸念への対応を明記,2025-07-08T10:49:01Z,app/idobata-policy-app,https://github.com/team-mirai/policy/pull/4546
バッチ10,4542,デジタル支援員制度の追加,2025-07-08T10:10:32Z,app/idobata-policy-app,https://github.com/team-mirai/policy/pull/4542
バッチ10,4541,「チームみらいについて」の理念を明確化する提案 by Kazunori,2025-07-08T10:03:41Z,app/idobata-policy-app,https://github.com/team-mirai/policy/pull/4541
バッチ11,4533,育休制度の拡充による子育て支援の強化（華子さんからのご提案）,2025-07-08T09:24:32Z,app/idobata-policy-app,https://github.com/team-mirai/policy/pull/4533
バッチ11,4530,【未来さん提案】最優先事項「新国会議事堂建設計画」の追加,2025-07-08T09:10:01Z,app/idobata-policy-app,https://github.com/team-mirai/policy/pull/4530
バッチ11,4528,防災政策の強化：防災庁設置と実効性ある災害対策の推進,2025-07-08T08:56:55Z,app/idobata-policy-app,https://github.com/team-mirai/policy/pull/4528
バッチ11,4519,表現の自由の保護を基本姿勢として明記,2025-07-08T08:10:41Z,app/idobata-policy-app,https://github.com/team-mirai/policy/pull/4519
バッチ11,4517,検索機能の案内を追記する改善提案,2025-07-08T07:59:53Z,app/idobata-policy-app,https://github.com/team-mirai/policy/pull/4517
バッチ11,4512,基本的な考え方として「未来への投資こそが最大の安全保障」を追加,2025-07-08T07:39:31Z,app/idobata-policy-app,https://github.com/team-mirai/policy/pull/4512
バッチ11,4508,動物愛護に関する提案（てつさんより）,2025-07-08T07:29:53Z,app/idobata-policy-app,https://github.com/team-mirai/policy/pull/4508
バッチ11,4505,「憲法改正について」の項目追加,2025-07-08T07:24:27Z,app/idobata-policy-app,https://github.com/team-mirai/policy/pull/4505
バッチ11,4499,皇室制度に関する記述の追加,2025-07-08T07:07:13Z,app/idobata-policy-app,https://github.com/team-mirai/policy/pull/4499
バッチ11,4498,匿名ユーザーさんによる、夫婦の姓と障がい児支援に関する改善提案,2025-07-08T07:04:10Z,app/idobata-policy-app,https://github.com/team-mirai/policy/pull/4498
バッチ11,4488,移民政策に関する新たな提案（匿名ユーザーからの提案）,2025-07-08T06:45:15Z,app/idobata-policy-app,https://github.com/team-mirai/policy/pull/4488
バッチ11,4484,ジェンダー平等と女性の権利に関する新規政策提案 by 和田さん,2025-07-08T06:31:45Z,app/idobata-policy-app,https://github.com/team-mirai/policy/pull/4484
バッチ11,4468,選択的夫婦別姓制度の導入による、結婚と出産のハードル引き下げ,2025-07-08T05:26:09Z,app/idobata-policy-app,https://github.com/team-mirai/policy/pull/4468
バッチ11,4467,食の安全・農業・畜産に関する新規政策提案,2025-07-08T05:24:24Z,app/idobata-policy-app,https://github.com/team-mirai/policy/pull/4467
バッチ11,4466,借地借家法の見直しとAI・データ活用による賃貸市場の健全化の提案,2025-07-08T05:13:02Z,app/idobata-policy-app,https://github.com/team-mirai/policy/pull/4466
バッチ11,4461,ボトムアップの技術発展を促すため、オープンな市場環境の重要性を追記,2025-07-08T04:56:07Z,app/idobata-policy-app,https://github.com/team-mirai/policy/pull/4461
バッチ11,4457,『チームみらいについて』の表現を、意図がより伝わるように修正,2025-07-08T04:45:42Z,app/idobata-policy-app,https://github.com/team-mirai/policy/pull/4457
バッチ11,4455,【SANAさん提案】個人情報保護と透明性に関する原則の追加,2025-07-08T04:37:28Z,app/idobata-policy-app,https://github.com/team-mirai/policy/pull/4455
バッチ11,4452,表現の自由の保護に関する原則の追加,2025-07-08T04:21:12Z,app/idobata-policy-app,https://github.com/team-mirai/policy/pull/4452
バッチ11,4448,マッチョさん提案：「デジタル支援員」制度の創設によるDX推進の具体化,2025-07-08T04:13:37Z,app/idobata-policy-app,https://github.com/team-mirai/policy/pull/4448
バッチ11,4440,くろねこさんの提案：介護分野の新設と公共施設の持続可能性強化,2025-07-08T03:46:06Z,app/idobata-policy-app,https://github.com/team-mirai/policy/pull/4440
バッチ11,4436,ステップ3に「インフラ長寿命化」の項目を追加する提案,2025-07-08T03:30:52Z,app/idobata-policy-app,https://github.com/team-mirai/policy/pull/4436
バッチ11,4435,投票率向上のための「投票スタンプカード」導入,2025-07-08T03:30:51Z,app/idobata-policy-app,https://github.com/team-mirai/policy/pull/4435
バッチ11,4420,木村様のご意見に基づき、「外国人労働者・移民政策」の項目追加と国家観に関する記述を追記,2025-07-08T02:55:17Z,app/idobata-policy-app,https://github.com/team-mirai/policy/pull/4420
バッチ11,4411,【くろねこさん提案】変更提案のプロセスを明確化,2025-07-08T02:30:36Z,app/idobata-policy-app,https://github.com/team-mirai/policy/pull/4411
バッチ11,4402,「選挙運動のあり方」についての新しい提案,2025-07-08T02:14:54Z,app/idobata-policy-app,https://github.com/team-mirai/policy/pull/4402
バッチ11,4398,【KK様ご提案】移民政策に関する新規項目追加,2025-07-08T02:05:22Z,app/idobata-policy-app,https://github.com/team-mirai/policy/pull/4398
バッチ11,4397,なゆたさんによる改善提案：行政手続きの簡素化,2025-07-08T01:55:03Z,app/idobata-policy-app,https://github.com/team-mirai/policy/pull/4397
バッチ11,4394,金融所得課税の考え方をマニフェストに明記,2025-07-08T01:37:54Z,app/idobata-policy-app,https://github.com/team-mirai/policy/pull/4394
バッチ11,4393,公平性とジェンダー格差是正に関するマニフェスト改善案（匿名ユーザーさんより）,2025-07-08T01:36:03Z,app/idobata-policy-app,https://github.com/team-mirai/policy/pull/4393
バッチ11,4392,表現の自由と創作物に関する基本方針の追加,2025-07-08T01:35:27Z,app/idobata-policy-app,https://github.com/team-mirai/policy/pull/4392
バッチ11,4386,地方分権と地域発展の基本方針の追加,2025-07-08T01:19:34Z,app/idobata-policy-app,https://github.com/team-mirai/policy/pull/4386
バッチ11,4372,年金政策の具体化：年金額の底上げと家賃補助制度の提案,2025-07-08T00:48:21Z,app/idobata-policy-app,https://github.com/team-mirai/policy/pull/4372
バッチ11,4364,匿名ユーザーによる選択的夫婦別姓制度導入の提案,2025-07-08T00:15:22Z,app/idobata-policy-app,https://github.com/team-mirai/policy/pull/4364
バッチ11,4352,同性カップルの法的保護に関する政策の追加提案,2025-07-07T22:24:31Z,app/idobata-policy-app,https://github.com/team-mirai/policy/pull/4352
バッチ11,4350,就職氷河期世代への支援策を追加,2025-07-07T21:55:31Z,app/idobata-policy-app,https://github.com/team-mirai/policy/pull/4350
バッチ11,4348,【suhiさんご提案】文化クーポン構想の具体案追加,2025-07-07T20:03:55Z,app/idobata-policy-app,https://github.com/team-mirai/policy/pull/4348
バッチ11,4345,「組織的な嫌がらせ行為（集団ストーカー）対策と、被害者の情報アクセス権の確立」を新設 (提案者: 中の人),2025-07-07T18:42:55Z,app/idobata-policy-app,https://github.com/team-mirai/policy/pull/4345
バッチ11,4343,子どもたちの安全を守るための政策強化提案（匿名ユーザー様より）,2025-07-07T17:49:44Z,app/idobata-policy-app,https://github.com/team-mirai/policy/pull/4343
バッチ11,4339,「性犯罪の根絶と被害者支援の徹底」に関する政策の追加,2025-07-07T17:29:10Z,app/idobata-policy-app,https://github.com/team-mirai/policy/pull/4339
バッチ11,4331,提案：透明性向上のための変更履歴セクションの追加,2025-07-07T15:32:41Z,app/idobata-policy-app,https://github.com/team-mirai/policy/pull/4331
バッチ11,4328,「性の多様性の尊重とジェンダー平等の実現」に関する提案,2025-07-07T15:22:33Z,app/idobata-policy-app,https://github.com/team-mirai/policy/pull/4328
バッチ11,3861,AIによる国会審議の要約と解説の提供,2025-07-05T15:01:17Z,app/idobata-policy-app,https://github.com/team-mirai/policy/pull/3861
