PR番号,タイトル,作成者,作成日,ステータス,政策分野（新ラベル）,旧ラベル,分類理由,分析メモ,URL,説明（200文字まで）
5364,受動喫煙防止対策強化のご提案,app/idobata-policy-app,2025-07-11T04:35:36Z,OPEN,医療,README,受動喫煙防止対策の強化と禁煙支援を通じた国民の健康保護を目的とした政策提案,claude-p分類: 2025-07-15,https://github.com/team-mirai/policy/pull/5364,受動喫煙防止対策強化のご提案
5363,【みえさん提案】フリーランス・クリエイター支援策の具体化,app/idobata-policy-app,2025-07-11T04:30:50Z,OPEN,産業政策,README,フリーランス・クリエイターの労働環境改善と報酬適正化に関する雇用政策,claude-p分類: 2025-07-15,https://github.com/team-mirai/policy/pull/5363,【みえさん提案】フリーランス・クリエイター支援策の具体化
5361,総合的な社会制度改革の提案：被害者支援、入国管理、国土安全保障の強化,app/idobata-policy-app,2025-07-11T04:27:30Z,OPEN,その他政策,README,犯罪被害者支援、入国管理、安全保障という複数の異なる政策分野にまたがる総合的な社会制度改革の提案のため,claude-p分類: 2025-07-15,https://github.com/team-mirai/policy/pull/5361,総合的な社会制度改革の提案：被害者支援、入国管理、国土安全保障の強化
5360,「多様性の尊重」に関する項目を追加,app/idobata-policy-app,2025-07-11T04:23:17Z,OPEN,その他政策,README,選択的夫婦別姓、同性婚、LGBTQ・障害者・外国人への差別禁止など、人権・多様性に関する政策で既存分野に該当しないため,claude-p分類: 2025-07-15,https://github.com/team-mirai/policy/pull/5360,「多様性の尊重」に関する項目を追加
5359,【ながたさん提案】子どもへの性犯罪防止策の強化,app/idobata-policy-app,2025-07-11T04:21:45Z,OPEN,子育て,README,子どもを性犯罪から守るための包括的な保護政策で、子どもの安全確保が主目的,claude-p分類: 2025-07-15,https://github.com/team-mirai/policy/pull/5359,【ながたさん提案】子どもへの性犯罪防止策の強化
5358,「地方の福利厚生賃貸」と「地方大学研究CF」による少子化対策と経済成長の新提案,app/idobata-policy-app,2025-07-11T04:15:02Z,OPEN,子育て,README,少子化対策として地方の若者の経済的安定を図る福利厚生賃貸制度と、経済成長を支える大学研究支援の2つの提案,claude-p分類: 2025-07-15,https://github.com/team-mirai/policy/pull/5358,「地方の福利厚生賃貸」と「地方大学研究CF」による少子化対策と経済成長の新提案
5355,変更提案プロセスの透明性向上について,app/idobata-policy-app,2025-07-11T04:07:40Z,OPEN,デジタル民主主義,README,変更提案プロセスの透明化と進捗状況の見える化により、市民参加型政治の透明性を向上させる提案のため,claude-p分類: 2025-07-15,https://github.com/team-mirai/policy/pull/5355,変更提案プロセスの透明性向上について
5352,特別支援教育に関する記述の追加,app/idobata-policy-app,2025-07-11T04:01:33Z,OPEN,教育,README,特別支援教育における支援級と通級の併用制度改善に関する提案のため,claude-p分類: 2025-07-15,https://github.com/team-mirai/policy/pull/5352,特別支援教育に関する記述の追加
5349,気候変動の項目追加の提案,app/idobata-policy-app,2025-07-11T03:41:13Z,OPEN,エネルギー,README,気候変動対策をマニフェストに追加する提案で、環境政策はエネルギー分野に含まれるため,claude-p分類: 2025-07-15,https://github.com/team-mirai/policy/pull/5349,気候変動の項目追加の提案
5344,デジタル化における情報アクセスの選択肢確保に関する提案,app/idobata-policy-app,2025-07-11T03:03:00Z,OPEN,行政改革,README,デジタル化推進において紙媒体等の選択肢も確保し、誰もが情報にアクセスできる行政サービスの改善を提案,claude-p分類: 2025-07-15,https://github.com/team-mirai/policy/pull/5344,デジタル化における情報アクセスの選択肢確保に関する提案
5342,【みかんさんからのご提案】「働き方」に関する政策の改善,app/idobata-policy-app,2025-07-11T02:59:31Z,OPEN,産業政策,README,みなし残業制度の適正化とリモートワーク拡充による働き方改革の提案であり、雇用・労働政策に該当,claude-p分類: 2025-07-15,https://github.com/team-mirai/policy/pull/5342,【みかんさんからのご提案】「働き方」に関する政策の改善
5337,子育ての貢献に報いる社会を目指す決意をマニフェストに追加,app/idobata-policy-app,2025-07-11T02:42:31Z,OPEN,子育て,README,子育ての社会的価値を正当に評価し、経済的支援やキャリア支援を通じて報いる制度構築を目指す政策提案,claude-p分類: 2025-07-15,https://github.com/team-mirai/policy/pull/5337,子育ての貢献に報いる社会を目指す決意をマニフェストに追加
5336,【みかんさん提案】子どもを性犯罪から守るための新政策を追加,app/idobata-policy-app,2025-07-11T02:40:20Z,OPEN,子育て,README,子どもを性犯罪から守るための政策提案で、子育て環境の安全確保に焦点を当てている,claude-p分類: 2025-07-15,https://github.com/team-mirai/policy/pull/5336,【みかんさん提案】子どもを性犯罪から守るための新政策を追加
5335,やえさん発案：政策原則の強化（データ活用・公正な徴税・子ども中心支援）,app/idobata-policy-app,2025-07-11T02:38:41Z,OPEN,ビジョン,README,マニフェストの根幹をなす基本原則（データに基づく政策決定、公正な徴税、子ども中心の支援）を大幅に強化する内容,claude-p分類: 2025-07-15,https://github.com/team-mirai/policy/pull/5335,やえさん発案：政策原則の強化（データ活用・公正な徴税・子ども中心支援）
5334,【つおるあさん提案】「注意事項」に政治の安定性に関する項目を追加,app/idobata-policy-app,2025-07-11T02:30:48Z,OPEN,ビジョン,README,政治改革における基本姿勢として「安定性のための安全装置」を尊重する理念を明文化,claude-p分類: 2025-07-15,https://github.com/team-mirai/policy/pull/5334,【つおるあさん提案】「注意事項」に政治の安定性に関する項目を追加
5333,専門知見の活用と情報格差是正による、より開かれた政策議論の推進,app/idobata-policy-app,2025-07-11T02:14:59Z,OPEN,デジタル民主主義,README,専門家の知見公開による透明性向上と、デジタル・アナログ両方の手段を用いた幅広い市民参加の促進に関する提案,claude-p分類: 2025-07-15,https://github.com/team-mirai/policy/pull/5333,専門知見の活用と情報格差是正による、より開かれた政策議論の推進
5331,Kayさんによる抜本提案：未来志向の税制度（国民貢献税、国民生活投資など）,app/idobata-policy-app,2025-07-11T01:58:42Z,OPEN,経済財政,README,税制改革（国民貢献税）、国債活用、財源確保など税制・財政政策の抜本的改革提案,claude-p分類: 2025-07-15,https://github.com/team-mirai/policy/pull/5331,Kayさんによる抜本提案：未来志向の税制度（国民貢献税、国民生活投資など）
5326,「安定的な皇位継承について」の項目追加,app/idobata-policy-app,2025-07-11T01:36:28Z,OPEN,その他政策,README,皇室制度・皇位継承に関する政策で、既存の11政策分野に該当しない特殊な政策領域のため,claude-p分類: 2025-07-15,https://github.com/team-mirai/policy/pull/5326,「安定的な皇位継承について」の項目追加
5325,男子HPVワクチン接種の公費助成を提案します,app/idobata-policy-app,2025-07-11T01:34:41Z,OPEN,医療,README,HPVワクチンの男子への公費助成拡大という予防医療・公衆衛生政策の提案,claude-p分類: 2025-07-15,https://github.com/team-mirai/policy/pull/5325,男子HPVワクチン接種の公費助成を提案します
5322,デジタル民主主義の具体化：電子投票の導入による、誰でも参加しやすい選挙の実現,app/idobata-policy-app,2025-07-11T01:17:50Z,OPEN,デジタル民主主義,README,電子投票の導入により透明性と市民参加を促進する選挙制度のデジタル化提案,claude-p分類: 2025-07-15,https://github.com/team-mirai/policy/pull/5322,デジタル民主主義の具体化：電子投票の導入による、誰でも参加しやすい選挙の実現
5321,外国人受け入れと外交・安全保障に関する基本方針の追加提案,app/idobata-policy-app,2025-07-11T01:07:26Z,OPEN,ビジョン,README,外国人受け入れ、外交・安全保障、憲法改正に関する基本方針を追加し、政治理念と国家の方向性を明確化,claude-p分類: 2025-07-15,https://github.com/team-mirai/policy/pull/5321,外国人受け入れと外交・安全保障に関する基本方針の追加提案
5313,マニフェスト改善の提案：「すべての世代が再チャレンジできる社会へ」の項目追加,app/idobata-policy-app,2025-07-11T00:26:51Z,OPEN,産業政策,README,就職氷河期世代の雇用安定化と正規雇用転換を中心とした労働政策の提案,claude-p分類: 2025-07-15,https://github.com/team-mirai/policy/pull/5313,マニフェスト改善の提案：「すべての世代が再チャレンジできる社会へ」の項目追加
5307,（京子さん提案）技能実習制度の見直しに関する記述の追加,app/idobata-policy-app,2025-07-10T23:58:27Z,OPEN,産業政策,README,技能実習制度は外国人労働者の受け入れ・雇用に関する制度改革であり、労働政策の一環であるため,claude-p分類: 2025-07-15,https://github.com/team-mirai/policy/pull/5307,（京子さん提案）技能実習制度の見直しに関する記述の追加
5305,産業政策：企業のバックオフィス業務の抜本的な効率化による生産性向上,app/idobata-policy-app,2025-07-10T23:39:21Z,OPEN,産業政策,README,企業のバックオフィス業務効率化による産業全体の生産性向上を目的とした政策提案,claude-p分類: 2025-07-15,https://github.com/team-mirai/policy/pull/5305,産業政策：企業のバックオフィス業務の抜本的な効率化による生産性向上
5304,コロナ後遺症に苦しむ方への支援策を追加,app/idobata-policy-app,2025-07-10T23:32:40Z,OPEN,福祉,README,コロナ後遺症患者への生活支援、社会保障制度の拡充、社会復帰支援など包括的な福祉支援策を提案,claude-p分類: 2025-07-15,https://github.com/team-mirai/policy/pull/5304,コロナ後遺症に苦しむ方への支援策を追加
5301,有機農業推進のためのオープンデータPF構築の提案,app/idobata-policy-app,2025-07-10T23:22:45Z,OPEN,産業政策,README,有機農業の振興と生産者支援を目的としたオープンデータプラットフォーム構築の提案であるため,claude-p分類: 2025-07-15,https://github.com/team-mirai/policy/pull/5301,有機農業推進のためのオープンデータPF構築の提案
5300,交通事故被害者救済のための任意保険加入義務化のご提案,app/idobata-policy-app,2025-07-10T23:21:28Z,OPEN,その他政策,README,交通事故被害者救済と任意保険加入義務化という特定の交通安全政策で、主要11分野に該当しない,claude-p分類: 2025-07-15,https://github.com/team-mirai/policy/pull/5300,交通事故被害者救済のための任意保険加入義務化のご提案
5294,AI時代に対応したセーフティネットの強化を提案します,app/idobata-policy-app,2025-07-10T22:47:09Z,OPEN,福祉,README,AI時代の雇用変化に対応する失業給付拡充・再就職支援・リスキリング支援など社会保障制度の強化提案,claude-p分類: 2025-07-15,https://github.com/team-mirai/policy/pull/5294,AI時代に対応したセーフティネットの強化を提案します
5288,【きゅんさん提案】外国人との共生と安全に関する原則を追加,app/idobata-policy-app,2025-07-10T21:03:10Z,OPEN,その他政策,README,外国人との共生・治安・社会保障など複数分野にまたがる総合的な外国人政策のため,claude-p分類: 2025-07-15,https://github.com/team-mirai/policy/pull/5288,【きゅんさん提案】外国人との共生と安全に関する原則を追加
5280,「誰も取り残さない」環境整備の具体化 by 匿名ユーザー,app/idobata-policy-app,2025-07-10T18:40:31Z,OPEN,ビジョン,README,チームみらいの「デジタルで誰も取り残さない」という基本理念を具体化し、公共端末設置や端末配布という政策方針を追加,claude-p分類: 2025-07-15,https://github.com/team-mirai/policy/pull/5280,「誰も取り残さない」環境整備の具体化 by 匿名ユーザー
5278,皇位継承に関する国民的議論の促進,app/idobata-policy-app,2025-07-10T18:26:57Z,OPEN,ビジョン,README,皇位継承という国の根幹制度に関する議論の進め方を提案しており、政治の基本方針に関わる内容のため,claude-p分類: 2025-07-15,https://github.com/team-mirai/policy/pull/5278,皇位継承に関する国民的議論の促進
5276,緊急連絡先（バグ報告窓口）の明記による利用案内の改善,app/idobata-policy-app,2025-07-10T18:11:13Z,OPEN,[システム],README,README.mdにバグ報告窓口を追加し、政策提案と技術的な問題報告の連絡先を明確に区別するシステム改善,claude-p分類: 2025-07-15,https://github.com/team-mirai/policy/pull/5276,緊急連絡先（バグ報告窓口）の明記による利用案内の改善
5269,【まるさん提案】セキュリティと保守体制に関する項目を追加,app/idobata-policy-app,2025-07-10T16:33:31Z,OPEN,[システム],README,README.mdにセキュリティと保守体制に関する項目を追加するシステム改善のため,claude-p分類: 2025-07-15,https://github.com/team-mirai/policy/pull/5269,【まるさん提案】セキュリティと保守体制に関する項目を追加
5266,団塊ジュニア世代など、多様な世代への配慮を明記する提案,app/idobata-policy-app,2025-07-10T16:22:43Z,OPEN,ビジョン,README,チームみらいの基本理念として多様な世代（特に就職氷河期世代・団塊ジュニア世代）への配慮を明記し、包括的な政治姿勢を示している,claude-p分類: 2025-07-15,https://github.com/team-mirai/policy/pull/5266,団塊ジュニア世代など、多様な世代への配慮を明記する提案
5262,「多様な家族のあり方」に関する政策を追加,app/idobata-policy-app,2025-07-10T15:40:22Z,OPEN,その他政策,README,同性婚法制化と選択的夫婦別姓導入という家族・婚姻制度に関する政策で、既存の11分野に直接該当しないため,claude-p分類: 2025-07-15,https://github.com/team-mirai/policy/pull/5262,「多様な家族のあり方」に関する政策を追加
5253,【匿名ユーザーさん提案】インクルーシブ教育と特別な支援が必要な家庭への支援強化,app/idobata-policy-app,2025-07-10T15:00:39Z,OPEN,福祉,README,障害のある子どもとその家族への支援強化（インクルーシブ教育と特別児童扶養手当等の制度改善）を提案,claude-p分類: 2025-07-15,https://github.com/team-mirai/policy/pull/5253,【匿名ユーザーさん提案】インクルーシブ教育と特別な支援が必要な家庭への支援強化
5250,外国人との共生と安全な社会の実現に向けた政策提案,app/idobata-policy-app,2025-07-10T14:53:42Z,OPEN,その他政策,README,外国人との共生・入国管理・治安対策に関する政策で、既存の主要政策分野に該当しないため,claude-p分類: 2025-07-15,https://github.com/team-mirai/policy/pull/5250,外国人との共生と安全な社会の実現に向けた政策提案
5249,「多様な家族観の尊重」に関する項目追加,app/idobata-policy-app,2025-07-10T14:49:02Z,OPEN,その他政策,README,同性婚・選択的夫婦別姓など多様な家族観に関する政策は、既存の政策分野に該当しない社会制度・人権分野の政策,claude-p分類: 2025-07-15,https://github.com/team-mirai/policy/pull/5249,「多様な家族観の尊重」に関する項目追加
5248,「チームみらいについて」に国益と国民の幸福を優先する理念を追加,app/idobata-policy-app,2025-07-10T14:45:44Z,OPEN,その他政策,README,LLM分類エラーによりデフォルト分類,claude-p分類: 2025-07-15,https://github.com/team-mirai/policy/pull/5248,「チームみらいについて」に国益と国民の幸福を優先する理念を追加
5247,平尾さんによる改善のご提案：支援制度の透明性と土地利用の基本方針について,app/idobata-policy-app,2025-07-10T14:40:59Z,OPEN,ビジョン,README,支援制度の透明性・公平性と土地利用の基本方針という政治理念に関する追加提案,claude-p分類: 2025-07-15,https://github.com/team-mirai/policy/pull/5247,平尾さんによる改善のご提案：支援制度の透明性と土地利用の基本方針について
5242,人権に関する基本姿勢の拡充：同性婚の法制化と国際平和の希求について,app/idobata-policy-app,2025-07-10T14:23:43Z,OPEN,ビジョン,README,人権尊重、多様性、平和主義などチームみらいの基本的な政治理念と価値観を示す内容,claude-p分類: 2025-07-15,https://github.com/team-mirai/policy/pull/5242,人権に関する基本姿勢の拡充：同性婚の法制化と国際平和の希求について
5237,匿名ユーザーによる改善提案：子どもの居場所確保と学習環境の改善,app/idobata-policy-app,2025-07-10T14:14:10Z,OPEN,子育て,README,放課後の子どもの居場所確保と学校トイレ環境改善という子どもの生活環境向上に関する提案,claude-p分類: 2025-07-15,https://github.com/team-mirai/policy/pull/5237,匿名ユーザーによる改善提案：子どもの居場所確保と学習環境の改善
5227,匿名ユーザーによる発達障害を持つ子ども向けのAI学習ツール開発の提案,app/idobata-policy-app,2025-07-10T13:36:48Z,OPEN,福祉,README,発達障害を持つ子どもたちへの支援ツール開発提案で、障害者支援政策に該当,claude-p分類: 2025-07-15,https://github.com/team-mirai/policy/pull/5227,匿名ユーザーによる発達障害を持つ子ども向けのAI学習ツール開発の提案
5226,まるさんより：高等教育への支援として、成果連動型の貸与型奨学金制度を提案,app/idobata-policy-app,2025-07-10T13:34:33Z,OPEN,教育,README,高等教育への貸与型奨学金制度と成績連動型返済免除制度の提案,claude-p分類: 2025-07-15,https://github.com/team-mirai/policy/pull/5226,まるさんより：高等教育への支援として、成果連動型の貸与型奨学金制度を提案
5223,外国人労働者の受け入れに関する方針の追加提案,app/idobata-policy-app,2025-07-10T13:23:17Z,OPEN,産業政策,README,外国人労働者の受け入れとAI時代の雇用政策に関する提案のため,claude-p分類: 2025-07-15,https://github.com/team-mirai/policy/pull/5223,外国人労働者の受け入れに関する方針の追加提案
5221,教育制度の柔軟化：個々の発達に応じた学びの実現,app/idobata-policy-app,2025-07-10T13:18:16Z,OPEN,教育,README,学年制度の柔軟化、飛び級・留年制度、習熟度別学習など教育制度改革の具体的提案,claude-p分類: 2025-07-15,https://github.com/team-mirai/policy/pull/5221,教育制度の柔軟化：個々の発達に応じた学びの実現
5211,【かおさん提案】ジェンダー平等の項目追加とクオータ制導入の検討,app/idobata-policy-app,2025-07-10T12:55:11Z,OPEN,その他政策,README,ジェンダー平等とクオータ制導入に関する新規政策分野の追加で、既存の11政策分野に該当しないため,claude-p分類: 2025-07-15,https://github.com/team-mirai/policy/pull/5211,【かおさん提案】ジェンダー平等の項目追加とクオータ制導入の検討
5207,【なちさん提案】工業高校・高専への支援強化による、未来の技術者育成,app/idobata-policy-app,2025-07-10T12:45:43Z,OPEN,教育,README,工業高校・高専への支援強化、技術者教育の強化、給付型奨学金の拡充など、技術教育制度の改善に関する提案,claude-p分類: 2025-07-15,https://github.com/team-mirai/policy/pull/5207,【なちさん提案】工業高校・高専への支援強化による、未来の技術者育成
5202,タクシー運転手の労働環境改善に向けた休憩所の設置,app/idobata-policy-app,2025-07-10T12:39:13Z,OPEN,産業政策,README,タクシー運転手の労働環境改善と休憩施設整備は労働条件・雇用環境の改善に関わる産業政策,claude-p分類: 2025-07-15,https://github.com/team-mirai/policy/pull/5202,タクシー運転手の労働環境改善に向けた休憩所の設置
5194,Yukiさんの提案：デジタル民主主義推進のため、地方自治体との連携強化を明記,app/idobata-policy-app,2025-07-10T12:09:40Z,OPEN,デジタル民主主義,README,デジタル民主主義の全国普及と地方自治体との連携強化を明記する内容のため,claude-p分類: 2025-07-15,https://github.com/team-mirai/policy/pull/5194,Yukiさんの提案：デジタル民主主義推進のため、地方自治体との連携強化を明記
5189,教育分野における金融・主権者教育の導入提案,app/idobata-policy-app,2025-07-10T11:53:52Z,OPEN,教育,README,学校教育における金融リテラシーと主権者教育の体系的導入を提案する教育制度改革のPR,claude-p分類: 2025-07-15,https://github.com/team-mirai/policy/pull/5189,教育分野における金融・主権者教育の導入提案
5187,終末期医療における意思決定支援の強化：リビングウィル作成支援と普及,app/idobata-policy-app,2025-07-10T11:45:43Z,OPEN,医療,README,終末期医療における意思決定支援とリビングウィルの法的位置づけに関する医療政策の提案,claude-p分類: 2025-07-15,https://github.com/team-mirai/policy/pull/5187,終末期医療における意思決定支援の強化：リビングウィル作成支援と普及
5183,【まつさん提案】OTC類似薬の保険適用維持の方針を医療政策に明記,app/idobata-policy-app,2025-07-10T11:43:35Z,OPEN,医療,README,OTC類似薬の健康保険適用維持という医療制度に関する政策提案のため,claude-p分類: 2025-07-15,https://github.com/team-mirai/policy/pull/5183,【まつさん提案】OTC類似薬の保険適用維持の方針を医療政策に明記
5181,国の根幹に関わるテーマへの慎重な検討姿勢を明記,app/idobata-policy-app,2025-07-10T11:40:46Z,OPEN,ビジョン,README,憲法や安全保障など国の根幹テーマに対する党の基本的な検討姿勢・理念を明文化,claude-p分類: 2025-07-15,https://github.com/team-mirai/policy/pull/5181,国の根幹に関わるテーマへの慎重な検討姿勢を明記
5179,feat(policy): 匿名ユーザーの提案に基づき尊厳死・安楽死の項目を追加,app/idobata-policy-app,2025-07-10T11:28:53Z,OPEN,医療,README,尊厳死・安楽死の法制化は終末期医療制度に関する政策提案のため,claude-p分類: 2025-07-15,https://github.com/team-mirai/policy/pull/5179,feat(policy): 匿名ユーザーの提案に基づき尊厳死・安楽死の項目を追加
5176,【AIの代理投稿】なち様より頂いた新規政策案（システムエラーにより代理投稿）,app/idobata-policy-app,2025-07-10T11:20:35Z,OPEN,その他政策,README,特定嗜好品の規制議論と国営カジノ推進という既存カテゴリに該当しない社会制度・規制に関する政策提案のため,claude-p分類: 2025-07-15,https://github.com/team-mirai/policy/pull/5176,【AIの代理投稿】なち様より頂いた新規政策案（システムエラーにより代理投稿）
5168,【匿名ユーザー様ご提案】生成AIの学習と著作権に関する原則を追記,app/idobata-policy-app,2025-07-10T10:41:30Z,OPEN,科学技術,README,生成AI技術の学習における著作権保護とクリエイターの権利尊重に関する原則を定めた内容,claude-p分類: 2025-07-15,https://github.com/team-mirai/policy/pull/5168,【匿名ユーザー様ご提案】生成AIの学習と著作権に関する原則を追記
5165,井上さん提案：AI等を活用した地域交通の支援策を追加,app/idobata-policy-app,2025-07-10T10:35:09Z,OPEN,福祉,README,AIデマンド交通等により高齢者の移動困難を解決し、誰もが移動に困らない社会を目指す政策のため,claude-p分類: 2025-07-15,https://github.com/team-mirai/policy/pull/5165,井上さん提案：AI等を活用した地域交通の支援策を追加
5162,【改善提案】ベーシックインカム導入の検討項目を追加,app/idobata-policy-app,2025-07-10T10:31:38Z,OPEN,福祉,README,ベーシックインカムという新たな社会保障制度の導入検討を提案し、既存の生活保護・失業保険等を統合する内容のため,claude-p分類: 2025-07-15,https://github.com/team-mirai/policy/pull/5162,【改善提案】ベーシックインカム導入の検討項目を追加
5159,注意事項にデジタルと物理的選択肢の共存に関する原則を追加,app/idobata-policy-app,2025-07-10T10:21:34Z,OPEN,行政改革,README,デジタル化推進と従来の物理的選択肢の共存という行政サービス改革の基本原則を定めている,claude-p分類: 2025-07-15,https://github.com/team-mirai/policy/pull/5159,注意事項にデジタルと物理的選択肢の共存に関する原則を追加
5157,AIと著作権に関する項目を追加,app/idobata-policy-app,2025-07-10T10:09:26Z,OPEN,科学技術,README,AI技術の適切な利用と著作権保護に関する政策を新規追加しており、AI関連の技術革新政策に該当するため,claude-p分類: 2025-07-15,https://github.com/team-mirai/policy/pull/5157,AIと著作権に関する項目を追加
5155,奨学金問題の解決に向け、現世代への負担軽減を求める改善案,app/idobata-policy-app,2025-07-10T09:56:51Z,OPEN,教育,README,奨学金制度改革と現行返済者への負担軽減策を提案しており、教育の機会均等と学習支援に関する内容,claude-p分類: 2025-07-15,https://github.com/team-mirai/policy/pull/5155,奨学金問題の解決に向け、現世代への負担軽減を求める改善案
5153,【匿名ユーザーさん提案】表現の自由に関する方針を追加,app/idobata-policy-app,2025-07-10T09:45:35Z,OPEN,ビジョン,README,表現の自由に関する基本的な価値観と方針を示す内容であり、政党の政治理念に関わるため,claude-p分類: 2025-07-15,https://github.com/team-mirai/policy/pull/5153,【匿名ユーザーさん提案】表現の自由に関する方針を追加
5152,緊急事態条項に関する見解を追加,app/idobata-policy-app,2025-07-10T09:42:35Z,OPEN,ビジョン,README,憲法改正・緊急事態条項に対する基本的立場を示す政治理念の表明,claude-p分類: 2025-07-15,https://github.com/team-mirai/policy/pull/5152,緊急事態条項に関する見解を追加
5147,「注意事項」へのユニバーサルな安全性の原則の追加,app/idobata-policy-app,2025-07-10T09:22:26Z,OPEN,ビジョン,README,マニフェストに「ユニバーサルな安全性」という基本原則を追加し、全政策分野に共通する根本的な価値観を明文化,claude-p分類: 2025-07-15,https://github.com/team-mirai/policy/pull/5147,「注意事項」へのユニバーサルな安全性の原則の追加
5146,文化政策の新設,app/idobata-policy-app,2025-07-10T09:21:12Z,OPEN,その他政策,README,文化政策という新しい政策分野の新設で、既存の11カテゴリに直接該当しないため,claude-p分類: 2025-07-15,https://github.com/team-mirai/policy/pull/5146,文化政策の新設
5145,生成AIの健全な利用促進とクリエイター及び市民の権利保護に関する提案,app/idobata-policy-app,2025-07-10T09:19:59Z,OPEN,科学技術,README,生成AI技術の悪用防止と健全な利用促進のための技術的措置（透かし、フィルタリング）を提案する内容のため,claude-p分類: 2025-07-15,https://github.com/team-mirai/policy/pull/5145,生成AIの健全な利用促進とクリエイター及び市民の権利保護に関する提案
5143,チームの基本理念として国際人権規範の尊重を明記する提案,app/idobata-policy-app,2025-07-10T09:09:16Z,OPEN,ビジョン,README,チームみらいの政策判断の基礎となる基本理念（国際人権規範の尊重）を明記するものであるため,claude-p分類: 2025-07-15,https://github.com/team-mirai/policy/pull/5143,チームの基本理念として国際人権規範の尊重を明記する提案
5127,あいさんの提案：実践的なアプローチの追記で、マニフェストの実効性を強化,app/idobata-policy-app,2025-07-10T07:44:00Z,OPEN,行政改革,README,行政現場でのテクノロジー導入と自治体との協働による実践的な改革アプローチに関する内容,claude-p分類: 2025-07-15,https://github.com/team-mirai/policy/pull/5127,あいさんの提案：実践的なアプローチの追記で、マニフェストの実効性を強化
5126,選択的夫婦別姓に関する基本姿勢の追記,app/idobata-policy-app,2025-07-10T07:43:49Z,OPEN,ビジョン,README,選択的夫婦別姓という個別政策への賛否ではなく、重要課題に対する対話重視・合意形成という基本的な政治姿勢を明確化している,claude-p分類: 2025-07-15,https://github.com/team-mirai/policy/pull/5126,選択的夫婦別姓に関する基本姿勢の追記
5125,匿名ユーザーからの問題提起：終末期医療のあり方についての議論を追記,app/idobata-policy-app,2025-07-10T07:40:44Z,OPEN,医療,README,終末期医療における高額薬剤の自己負担と緩和ケアの充実に関する医療制度改革の提案,claude-p分類: 2025-07-15,https://github.com/team-mirai/policy/pull/5125,匿名ユーザーからの問題提起：終末期医療のあり方についての議論を追記
5124,エネルギー政策の強化：国主導の原子力活用を提案,app/idobata-policy-app,2025-07-10T07:35:09Z,OPEN,エネルギー,README,原子力発電の再稼働・新増設を中心とした国のエネルギー政策強化提案で、エネルギー安全保障と脱炭素社会実現を目指す内容,claude-p分類: 2025-07-15,https://github.com/team-mirai/policy/pull/5124,エネルギー政策の強化：国主導の原子力活用を提案
5112,対米外交・通商政策に関する方針の追加,app/idobata-policy-app,2025-07-10T06:31:10Z,OPEN,その他政策,README,対米外交・通商政策は既存の政策分野に直接該当せず、外交・国際関係分野の政策として「その他政策」に分類,claude-p分類: 2025-07-15,https://github.com/team-mirai/policy/pull/5112,対米外交・通商政策に関する方針の追加
5111,feat: 障害福祉の新規項目追加とバリアフリー政策の提案,app/idobata-policy-app,2025-07-10T06:31:07Z,OPEN,福祉,README,障害福祉の新規項目追加とバリアフリー政策による障害者支援の具体的施策,claude-p分類: 2025-07-15,https://github.com/team-mirai/policy/pull/5111,feat: 障害福祉の新規項目追加とバリアフリー政策の提案
5110,わかさんによる改善提案：ジェンダー・セクシュアリティに関する包括的政策の追加,app/idobata-policy-app,2025-07-10T06:26:30Z,OPEN,その他政策,README,ジェンダー平等・LGBTQ+権利に関する包括的政策で、既存の11分野に直接該当しない新たな政策領域のため,claude-p分類: 2025-07-15,https://github.com/team-mirai/policy/pull/5110,わかさんによる改善提案：ジェンダー・セクシュアリティに関する包括的政策の追加
5105,政策要望への対応スケジュールを明確化,app/idobata-policy-app,2025-07-10T05:58:52Z,OPEN,デジタル民主主義,README,市民からの政策要望への対応スケジュールを明確化し、政策決定プロセスの透明性を向上させる内容のため,claude-p分類: 2025-07-15,https://github.com/team-mirai/policy/pull/5105,政策要望への対応スケジュールを明確化
5099,【匿名ユーザーによる改善提案】性の多様性に関する基本方針の追加,app/idobata-policy-app,2025-07-10T05:45:54Z,OPEN,ビジョン,README,性の多様性やジェンダーに関する基本的な考え方・方針をREADMEの基本姿勢に追加する提案であるため,claude-p分類: 2025-07-15,https://github.com/team-mirai/policy/pull/5099,【匿名ユーザーによる改善提案】性の多様性に関する基本方針の追加
5096,生活保護制度に関する見直し提案,app/idobata-policy-app,2025-07-10T05:38:43Z,OPEN,福祉,README,生活保護制度の国籍要件と適用条件の見直しに関する社会保障政策の提案,claude-p分類: 2025-07-15,https://github.com/team-mirai/policy/pull/5096,生活保護制度に関する見直し提案
5094,ちかえもんさんのご意見を反映し、外国人との共生に関する基本的な考え方を追加,app/idobata-policy-app,2025-07-10T05:24:32Z,OPEN,その他政策,README,LLM分類エラーによりデフォルト分類,claude-p分類: 2025-07-15,https://github.com/team-mirai/policy/pull/5094,ちかえもんさんのご意見を反映し、外国人との共生に関する基本的な考え方を追加
5091,水産業に関する政策の追加,app/idobata-policy-app,2025-07-10T05:09:27Z,OPEN,産業政策,README,水産業の持続可能な資源管理と環境配慮型養殖への転換支援という産業振興政策を提案しているため,claude-p分類: 2025-07-15,https://github.com/team-mirai/policy/pull/5091,水産業に関する政策の追加
5088,就職氷河期世代支援の追加と政策の基本原則の明確化,app/idobata-policy-app,2025-07-10T05:02:26Z,OPEN,福祉,README,就職氷河期世代への所得補填を中心とした社会保障政策の追加,claude-p分類: 2025-07-15,https://github.com/team-mirai/policy/pull/5088,就職氷河期世代支援の追加と政策の基本原則の明確化
5085,Y3さんの提案：「立憲主義の堅持と、揺るぎない基本的人権の擁護」の章を追加,app/idobata-policy-app,2025-07-10T04:49:12Z,OPEN,ビジョン,README,立憲主義と基本的人権の擁護という政治の根幹的価値観・理念を宣言する章の追加,claude-p分類: 2025-07-15,https://github.com/team-mirai/policy/pull/5085,Y3さんの提案：「立憲主義の堅持と、揺るぎない基本的人権の擁護」の章を追加
5076,沖縄の基地跡地利用と経済振興による新たな安全保障モデルの提案,app/idobata-policy-app,2025-07-10T04:17:50Z,OPEN,産業政策,README,沖縄の基地跡地にAI特区を創設し、国際企業誘致による産業振興と雇用創出を主目的としているため,claude-p分類: 2025-07-15,https://github.com/team-mirai/policy/pull/5076,沖縄の基地跡地利用と経済振興による新たな安全保障モデルの提案
5073,「チームみらいについて」に公平性と説明責任の原則を追記する提案 by こはるさん,app/idobata-policy-app,2025-07-10T04:08:54Z,OPEN,ビジョン,README,チームみらいの基本理念として税金の透明性と公平な社会の実現という政治理念を追加している,claude-p分類: 2025-07-15,https://github.com/team-mirai/policy/pull/5073,「チームみらいについて」に公平性と説明責任の原則を追記する提案 by こはるさん
5069,「変更提案について」の表現修正（README.md）,aihojo,2025-07-10T04:00:58Z,OPEN,[システム],README,README.mdの表現修正で、GitHubでの提案方法の説明文から「（玄人向け）」という表記を削除する変更,claude-p分類: 2025-07-15,https://github.com/team-mirai/policy/pull/5069,「変更提案について」の表現修正（README.md）
5065,【みかんさん提案】「税金の見える化」で政治をもっと身近に,app/idobata-policy-app,2025-07-10T03:40:26Z,OPEN,デジタル民主主義,README,税金の使い道を可視化し、予算編成プロセスをオープンにすることで政府の透明性を高め、市民の政治参加を促進する提案,claude-p分類: 2025-07-15,https://github.com/team-mirai/policy/pull/5065,【みかんさん提案】「税金の見える化」で政治をもっと身近に
5064,【西村祐二からの提案】政治倫理確立のため、独立した第三者機関（日本版IPSA）を設置,app/idobata-policy-app,2025-07-10T03:37:13Z,OPEN,デジタル民主主義,README,政治倫理監視の独立機関設置により議員経費の透明性確保と市民参加型の監視体制構築を提案,claude-p分類: 2025-07-15,https://github.com/team-mirai/policy/pull/5064,【西村祐二からの提案】政治倫理確立のため、独立した第三者機関（日本版IPSA）を設置
5063,【しの様提案】日本版DBSの導入と強化による子どもたちの保護,app/idobata-policy-app,2025-07-10T03:33:43Z,OPEN,子育て,README,性犯罪から子どもを守るための日本版DBS導入を提案し、子どもの安全確保に関する政策を追加,claude-p分類: 2025-07-15,https://github.com/team-mirai/policy/pull/5063,【しの様提案】日本版DBSの導入と強化による子どもたちの保護
5059,マニフェストへの同性婚法制化と選択的夫婦別姓導入の明記,app/idobata-policy-app,2025-07-10T03:24:33Z,OPEN,その他政策,README,同性婚法制化と選択的夫婦別姓は人権・家族制度に関する政策で、既存の11分野に直接該当しない,claude-p分類: 2025-07-15,https://github.com/team-mirai/policy/pull/5059,マニフェストへの同性婚法制化と選択的夫婦別姓導入の明記
5057,【aiからの提案】男女が協力して子育てできる社会の実現に向けた理念の明確化,app/idobata-policy-app,2025-07-10T03:19:57Z,OPEN,子育て,README,男女共同での子育て社会実現に向けた理念の明確化と、育児支援に関する配慮事項の追加,claude-p分類: 2025-07-15,https://github.com/team-mirai/policy/pull/5057,【aiからの提案】男女が協力して子育てできる社会の実現に向けた理念の明確化
5055,AI開発者の責任と利用者のデータ保護強化を提案,app/idobata-policy-app,2025-07-10T03:15:57Z,OPEN,科学技術,README,AI開発における学習データの権利処理とデータ主権に関する技術倫理・ガバナンスの政策提案,claude-p分類: 2025-07-15,https://github.com/team-mirai/policy/pull/5055,AI開発者の責任と利用者のデータ保護強化を提案
5051,自動運転技術の導入戦略についての提案,app/idobata-policy-app,2025-07-10T03:11:54Z,OPEN,産業政策,README,自動運転技術の導入による国際競争力強化とドライバー不足解消を目指す産業振興策,claude-p分類: 2025-07-15,https://github.com/team-mirai/policy/pull/5051,自動運転技術の導入戦略についての提案
5046,docs: 医療サービスへの影響に関する注意事項を追加,app/idobata-policy-app,2025-07-10T02:58:04Z,OPEN,医療,README,地方の公的病院における周産期・救急・精神・小児医療などの必要不可欠な医療サービスへの影響について慎重な議論を求める注意事項を追加,claude-p分類: 2025-07-15,https://github.com/team-mirai/policy/pull/5046,docs: 医療サービスへの影響に関する注意事項を追加
5044,「プッシュ型支援」の基本方針をマニフェストに明記する提案,app/idobata-policy-app,2025-07-10T02:52:33Z,OPEN,行政改革,README,行政サービスを申請主義からデジタル技術を活用したプッシュ型支援へ転換する行政改革の提案,claude-p分類: 2025-07-15,https://github.com/team-mirai/policy/pull/5044,「プッシュ型支援」の基本方針をマニフェストに明記する提案
5036,年少扶養控除の復活による子育て支援強化の提案,app/idobata-policy-app,2025-07-10T02:20:04Z,OPEN,子育て,README,年少扶養控除の復活を通じて子育て世帯への恒常的な経済支援を提案している,claude-p分類: 2025-07-15,https://github.com/team-mirai/policy/pull/5036,年少扶養控除の復活による子育て支援強化の提案
5034,おがわ様による医療費控除の自動化に関する改善提案,app/idobata-policy-app,2025-07-10T02:17:29Z,OPEN,行政改革,README,マイナンバーカードを活用した医療費控除手続きの自動化による行政デジタル化・効率化の提案,claude-p分類: 2025-07-15,https://github.com/team-mirai/policy/pull/5034,おがわ様による医療費控除の自動化に関する改善提案
5026,ご意見を反映し、所得制限に関する議論を促す文言を追加,app/idobata-policy-app,2025-07-10T01:46:46Z,OPEN,子育て,README,子育て減税の所得制限に関する市民意見を反映し、子育て支援政策の議論を促進する内容,claude-p分類: 2025-07-15,https://github.com/team-mirai/policy/pull/5026,ご意見を反映し、所得制限に関する議論を促す文言を追加
5024,エネルギー政策の改善案：日本の地理的特徴と未利用エネルギーの活用,app/idobata-policy-app,2025-07-10T01:36:16Z,OPEN,エネルギー,README,洋上風力発電や地熱発電などの再生可能エネルギー推進と新エネルギー技術の研究開発に関する政策提案,claude-p分類: 2025-07-15,https://github.com/team-mirai/policy/pull/5024,エネルギー政策の改善案：日本の地理的特徴と未利用エネルギーの活用
5020,マニフェストをより多くの人に分かりやすくする改善,app/idobata-policy-app,2025-07-10T01:19:14Z,OPEN,[システム],README,マニフェスト（README）の表現を分かりやすくするための文章改善とカタカナ英語への日本語訳追加,claude-p分類: 2025-07-15,https://github.com/team-mirai/policy/pull/5020,マニフェストをより多くの人に分かりやすくする改善
5019,自転車利用者の安全確保と、自動車先進技術による交通安全の推進,app/idobata-policy-app,2025-07-10T01:18:49Z,OPEN,その他政策,README,交通安全・道路政策に関する提案で、自転車専用レーンの整備と自動車の先進安全技術導入を組み合わせた交通政策のため,claude-p分類: 2025-07-15,https://github.com/team-mirai/policy/pull/5019,自転車利用者の安全確保と、自動車先進技術による交通安全の推進
5017,憲法に関する考え方の追加,app/idobata-policy-app,2025-07-10T01:16:54Z,OPEN,ビジョン,README,憲法第9条への姿勢と平和主義の理念を明確化し、チームみらいの根本的な政治理念・基本方針を示す内容,claude-p分類: 2025-07-15,https://github.com/team-mirai/policy/pull/5017,憲法に関する考え方の追加
5016,匿名ユーザーさんによる選択的夫婦別姓の早期実現に関する提案,app/idobata-policy-app,2025-07-10T01:15:18Z,OPEN,その他政策,README,選択的夫婦別姓は家族制度・ジェンダー平等・個人の権利に関する政策で、他の11分野に直接該当しないため,claude-p分類: 2025-07-15,https://github.com/team-mirai/policy/pull/5016,匿名ユーザーさんによる選択的夫婦別姓の早期実現に関する提案
5015,外国人との共生に関する政策（なむさん提案）の追加,app/idobata-policy-app,2025-07-10T01:07:28Z,OPEN,その他政策,README,外国人の土地所有制限と社会保障適正化を含む外国人共生政策で、既存の政策分野に該当しない横断的な内容のため,claude-p分類: 2025-07-15,https://github.com/team-mirai/policy/pull/5015,外国人との共生に関する政策（なむさん提案）の追加
5002,「子育て支援の抜本的見直し」に関する改善提案,app/idobata-policy-app,2025-07-09T16:28:07Z,OPEN,子育て,README,特別養子縁組制度の改革と児童養護施設の環境改善を通じた社会的養護下の子どもたちへの支援政策提案,claude-p分類: 2025-07-15,https://github.com/team-mirai/policy/pull/5002,「子育て支援の抜本的見直し」に関する改善提案
4999,aiaiさんによるREADME.mdの改善提案（ユーザビリティ向上）,app/idobata-policy-app,2025-07-09T16:01:34Z,OPEN,[システム],README,README.mdファイルへの不具合情報追記とお問い合わせセクション追加によるドキュメント改善,claude-p分類: 2025-07-15,https://github.com/team-mirai/policy/pull/4999,aiaiさんによるREADME.mdの改善提案（ユーザビリティ向上）
4996,芸術文化への投資に関する提案,app/idobata-policy-app,2025-07-09T15:56:47Z,OPEN,その他政策,README,芸術文化への投資という新たな政策分野の追加で、既存の11政策分野に該当しない独立した政策提案のため,claude-p分類: 2025-07-15,https://github.com/team-mirai/policy/pull/4996,芸術文化への投資に関する提案
4994,【らいむさん提案】農業政策の追加：小規模・家族農業への支援強化,app/idobata-policy-app,2025-07-09T15:52:36Z,OPEN,その他政策,README,農業政策は13の既存分野に該当せず、小規模農家支援という独自の政策分野のため,claude-p分類: 2025-07-15,https://github.com/team-mirai/policy/pull/4994,【らいむさん提案】農業政策の追加：小規模・家族農業への支援強化
4992,【まさんご提案】外交・安全保障の基本方針を追加,app/idobata-policy-app,2025-07-09T15:50:48Z,OPEN,ビジョン,README,外交・安全保障の基本姿勢として武力に頼らない対話重視という国家の基本方針を定めている,claude-p分類: 2025-07-15,https://github.com/team-mirai/policy/pull/4992,【まさんご提案】外交・安全保障の基本方針を追加
4989,【taさん提案】子育て支援：スタッフ常駐の屋内遊び場の設置,app/idobata-policy-app,2025-07-09T15:34:16Z,OPEN,子育て,README,スタッフ常駐の屋内遊び場設置と一時預かりサービスによる子育て家庭の負担軽減策,claude-p分類: 2025-07-15,https://github.com/team-mirai/policy/pull/4989,【taさん提案】子育て支援：スタッフ常駐の屋内遊び場の設置
4988,READMEの議論中テーマに解雇規制とセーフティネットの議論を追加,app/idobata-policy-app,2025-07-09T15:26:51Z,OPEN,産業政策,README,解雇規制の見直しと雇用の流動性向上、セーフティネット強化による労働市場改革の提案,claude-p分類: 2025-07-15,https://github.com/team-mirai/policy/pull/4988,READMEの議論中テーマに解雇規制とセーフティネットの議論を追加
4980,OTC類似薬の保険適用維持による医療アクセス確保の提案,app/idobata-policy-app,2025-07-09T15:03:56Z,OPEN,医療,README,OTC類似薬の保険適用維持による患者の医療アクセス確保と経済的負担軽減に関する医療制度改革の提案,claude-p分類: 2025-07-15,https://github.com/team-mirai/policy/pull/4980,OTC類似薬の保険適用維持による医療アクセス確保の提案
4973,子育て支援：こどもたちの文化芸術体験の機会創出,app/idobata-policy-app,2025-07-09T14:41:22Z,OPEN,子育て,README,0歳から大学生までの文化施設利用補助により子育て世帯の経済的負担軽減を図る育児支援政策の提案,claude-p分類: 2025-07-15,https://github.com/team-mirai/policy/pull/4973,子育て支援：こどもたちの文化芸術体験の機会創出
4970,出入国管理の厳格化に関する検討事項の追記,app/idobata-policy-app,2025-07-09T14:38:06Z,OPEN,その他政策,README,出入国管理の厳格化は治安維持・国境管理に関する政策で、1-11の既存カテゴリーに該当しない,claude-p分類: 2025-07-15,https://github.com/team-mirai/policy/pull/4970,出入国管理の厳格化に関する検討事項の追記
4968,中間層、特に子育て世帯の税負担軽減に関する基本方針の追加,app/idobata-policy-app,2025-07-09T14:32:58Z,OPEN,経済財政,README,中間層と子育て世帯の所得税・住民税・社会保険料の負担軽減という税制改革の基本方針を追加している,claude-p分類: 2025-07-15,https://github.com/team-mirai/policy/pull/4968,中間層、特に子育て世帯の税負担軽減に関する基本方針の追加
4967,医師の地域偏在・診療科偏在の是正,app/idobata-policy-app,2025-07-09T14:32:45Z,OPEN,医療,README,医師の地域偏在と診療科偏在を解消するための医療制度改革の提案,claude-p分類: 2025-07-15,https://github.com/team-mirai/policy/pull/4967,医師の地域偏在・診療科偏在の是正
4965,【匿名さん提案】障害者支援及び性犯罪対策の抜本的改革,app/idobata-policy-app,2025-07-09T14:30:58Z,OPEN,その他政策,README,LLM分類エラーによりデフォルト分類,claude-p分類: 2025-07-15,https://github.com/team-mirai/policy/pull/4965,【匿名さん提案】障害者支援及び性犯罪対策の抜本的改革
4959,障害者支援の充実：情報連携による切れ目のないサポート体制の構築,app/idobata-policy-app,2025-07-09T14:02:20Z,OPEN,福祉,README,障害者支援の情報連携基盤構築という福祉政策の提案であり、新たに「障害者支援」の章を追加している,claude-p分類: 2025-07-15,https://github.com/team-mirai/policy/pull/4959,障害者支援の充実：情報連携による切れ目のないサポート体制の構築
4951,itaさん提案：妊婦健診の完全無料化による母子支援強化,app/idobata-policy-app,2025-07-09T13:36:03Z,OPEN,子育て,README,妊婦健診の完全無料化による母子支援強化と少子化対策に関する提案,claude-p分類: 2025-07-15,https://github.com/team-mirai/policy/pull/4951,itaさん提案：妊婦健診の完全無料化による母子支援強化
4948,【みみみさん提案】産業政策の改訂：AI時代を見据えた第一次産業・伝統技術の保護と継承,app/idobata-policy-app,2025-07-09T13:25:24Z,OPEN,産業政策,README,第一次産業と伝統技術の保護・継承、後継者育成支援、市場開拓戦略など産業振興政策を提案,claude-p分類: 2025-07-15,https://github.com/team-mirai/policy/pull/4948,【みみみさん提案】産業政策の改訂：AI時代を見据えた第一次産業・伝統技術の保護と継承
4934,マイナンバーカードと生体認証を活用した投票制度の提案,app/idobata-policy-app,2025-07-09T12:32:10Z,OPEN,デジタル民主主義,README,マイナンバーカードと生体認証を使ったデジタル投票制度により、市民の政治参加を促進する提案のため,claude-p分類: 2025-07-15,https://github.com/team-mirai/policy/pull/4934,マイナンバーカードと生体認証を活用した投票制度の提案
4926,AIの活用と責任に関する原則の追記提案,app/idobata-policy-app,2025-07-09T11:51:44Z,OPEN,その他政策,README,LLM分類エラーによりデフォルト分類,claude-p分類: 2025-07-15,https://github.com/team-mirai/policy/pull/4926,AIの活用と責任に関する原則の追記提案
4918,憲法に関する基本姿勢の追記のご提案,app/idobata-policy-app,2025-07-09T11:20:39Z,OPEN,ビジョン,README,憲法の基本原則（国民主権、基本的人権、平和主義）と憲法9条の堅持という政治の根本的な基本方針に関する内容,claude-p分類: 2025-07-15,https://github.com/team-mirai/policy/pull/4918,憲法に関する基本姿勢の追記のご提案
4913,高齢者やデジタルが苦手な方々へのサポート強化の提案,app/idobata-policy-app,2025-07-09T11:12:49Z,OPEN,福祉,README,高齢者やデジタルが苦手な方々への支援制度の利用促進と情報格差解消を目的とした提案,claude-p分類: 2025-07-15,https://github.com/team-mirai/policy/pull/4913,高齢者やデジタルが苦手な方々へのサポート強化の提案
4910,金融課税に関する方針の明確化,app/idobata-policy-app,2025-07-09T11:09:14Z,OPEN,経済財政,README,金融所得への課税方針を明記する内容で、税制・財政政策に直接関わるため,claude-p分類: 2025-07-15,https://github.com/team-mirai/policy/pull/4910,金融課税に関する方針の明確化
4908,【紋加さんからのご提案】「子育て減税」の対象年齢に関する議論の具体例を追記,app/idobata-policy-app,2025-07-09T11:04:18Z,OPEN,子育て,README,子育て減税の対象年齢拡大（大学卒業まで）に関する政策議論の内容を追記,claude-p分類: 2025-07-15,https://github.com/team-mirai/policy/pull/4908,【紋加さんからのご提案】「子育て減税」の対象年齢に関する議論の具体例を追記
4904,ミヤさんからの提案：教育現場のICT環境改善,app/idobata-policy-app,2025-07-09T10:40:45Z,OPEN,教育,README,情報教育現場のICT環境改善と教育格差是正のための具体的な提案,claude-p分類: 2025-07-15,https://github.com/team-mirai/policy/pull/4904,ミヤさんからの提案：教育現場のICT環境改善
4887,子育て支援に関する2つの改善提案（れもんさんより）,app/idobata-policy-app,2025-07-09T09:33:21Z,OPEN,子育て,README,ひとり親家庭の看護休暇拡充と育休制度の柔軟化・保育体制整備という具体的な育児支援策を提案しているため,claude-p分類: 2025-07-15,https://github.com/team-mirai/policy/pull/4887,子育て支援に関する2つの改善提案（れもんさんより）
4883,選挙期間中におけるマニフェストの更新プロセスを明記,app/idobata-policy-app,2025-07-09T09:18:17Z,OPEN,デジタル民主主義,README,マニフェストの更新プロセスを透明化し、有権者との対話を通じた参加型政治を実現する仕組みの追加,claude-p分類: 2025-07-15,https://github.com/team-mirai/policy/pull/4883,選挙期間中におけるマニフェストの更新プロセスを明記
4879,にいくら様からのご提案：外国人土地取得およびオーバーツーリズム対策の追加,app/idobata-policy-app,2025-07-09T09:10:03Z,OPEN,経済財政,README,外国人土地取得への固定資産税調整と訪日外国人への観光税導入という税制を通じた政策提案のため,claude-p分類: 2025-07-15,https://github.com/team-mirai/policy/pull/4879,にいくら様からのご提案：外国人土地取得およびオーバーツーリズム対策の追加
4874,AI活用の原則を明確化,app/idobata-policy-app,2025-07-09T08:57:05Z,OPEN,ビジョン,README,AIを社会改善の手段として位置づける基本理念を明確化する内容のため,claude-p分類: 2025-07-15,https://github.com/team-mirai/policy/pull/4874,AI活用の原則を明確化
4870,たかはしさんのご意見を反映：子育て支援に関する議論の具体例を追記,app/idobata-policy-app,2025-07-09T08:32:10Z,OPEN,子育て,README,小一の壁問題や土曜療育の拡充など、子育て支援に関する具体的な課題をマニフェストに追記している,claude-p分類: 2025-07-15,https://github.com/team-mirai/policy/pull/4870,たかはしさんのご意見を反映：子育て支援に関する議論の具体例を追記
4865,母子手帳のデジタル化と紙媒体の併用を提案,app/idobata-policy-app,2025-07-09T08:20:02Z,OPEN,子育て,README,母子手帳のデジタル化と紙媒体併用による子育て世代の利便性向上と記録保存の両立を提案,claude-p分類: 2025-07-15,https://github.com/team-mirai/policy/pull/4865,母子手帳のデジタル化と紙媒体の併用を提案
4863,物流政策の新規追加（北海道から食品を全国へ届けるTさんからの提案）,app/idobata-policy-app,2025-07-09T08:08:14Z,OPEN,産業政策,README,物流業界の生産性向上とDX推進を目的とした政策で、産業カテゴリーのサブセクションとして追加されている,claude-p分類: 2025-07-15,https://github.com/team-mirai/policy/pull/4863,物流政策の新規追加（北海道から食品を全国へ届けるTさんからの提案）
4861,子育て支援政策に関する改善提案,app/idobata-policy-app,2025-07-09T08:01:50Z,OPEN,子育て,README,子育て支援政策の改善提案で、児童手当や不登校支援など育児支援施策を提案している,claude-p分類: 2025-07-15,https://github.com/team-mirai/policy/pull/4861,子育て支援政策に関する改善提案
4860,【改善提案】障害者のための住宅セーフティネット強化,app/idobata-policy-app,2025-07-09T07:59:41Z,OPEN,福祉,README,障害者の住宅確保支援に関する政策提案で、障害者支援は福祉分野に該当するため,claude-p分類: 2025-07-15,https://github.com/team-mirai/policy/pull/4860,【改善提案】障害者のための住宅セーフティネット強化
4857,なるみさんによる教育改革案のご提案,app/idobata-policy-app,2025-07-09T07:41:41Z,OPEN,教育,README,ディベート式授業の導入と個別フォローを通じた主体的学習を促す教育制度改革の提案,claude-p分類: 2025-07-15,https://github.com/team-mirai/policy/pull/4857,なるみさんによる教育改革案のご提案
4854,住宅政策の追加による投機的開発の抑制,app/idobata-policy-app,2025-07-09T07:32:45Z,OPEN,その他政策,README,住宅市場の投機抑制と居住環境改善を目的とした新規政策分野の追加,claude-p分類: 2025-07-15,https://github.com/team-mirai/policy/pull/4854,住宅政策の追加による投機的開発の抑制
4852,【やまだまやさん提案】インボイス制度の廃止を検討,app/idobata-policy-app,2025-07-09T07:25:51Z,OPEN,経済財政,README,インボイス制度（消費税制度）の廃止を提案しており、税制改革に関する内容,claude-p分類: 2025-07-15,https://github.com/team-mirai/policy/pull/4852,【やまだまやさん提案】インボイス制度の廃止を検討
4849,教育分野への専門アドバイザー配置によるICT活用支援の提案,app/idobata-policy-app,2025-07-09T07:12:43Z,OPEN,教育,README,教育現場でのICT活用支援のための専門アドバイザー配置を提案し、教員支援と教育の質向上を目指す内容,claude-p分類: 2025-07-15,https://github.com/team-mirai/policy/pull/4849,教育分野への専門アドバイザー配置によるICT活用支援の提案
4841,【匿名ユーザー提案】子どもの歯列矯正への保険適用,app/idobata-policy-app,2025-07-09T06:50:58Z,OPEN,子育て,README,子どもの歯列矯正への保険適用を通じた子育て世代への経済支援策の提案,claude-p分類: 2025-07-15,https://github.com/team-mirai/policy/pull/4841,【匿名ユーザー提案】子どもの歯列矯正への保険適用
4839,AIの活用と責任に関する原則の明確化,app/idobata-policy-app,2025-07-09T06:43:47Z,OPEN,デジタル民主主義,README,AI活用における透明性・説明責任の明確化と、参加型政治でのAIの適切な位置づけを定義,claude-p分類: 2025-07-15,https://github.com/team-mirai/policy/pull/4839,AIの活用と責任に関する原則の明確化
4838,マイナンバーカードの国際化対応についての提案,app/idobata-policy-app,2025-07-09T06:43:33Z,OPEN,行政改革,README,マイナンバーカードの機能拡張により行政サービスの利便性向上とデジタル化を推進する提案,claude-p分類: 2025-07-15,https://github.com/team-mirai/policy/pull/4838,マイナンバーカードの国際化対応についての提案
4836,【匿名ユーザーさん提案】寄付制度の改革案を追加,app/idobata-policy-app,2025-07-09T06:39:07Z,OPEN,デジタル民主主義,README,政治資金の透明性を保ちつつプライバシーに配慮した寄付制度改革により、国民の政治参加を促進する提案のため,claude-p分類: 2025-07-15,https://github.com/team-mirai/policy/pull/4836,【匿名ユーザーさん提案】寄付制度の改革案を追加
4834,新しい税制の仕組み（納税コストゼロ社会）の提案,app/idobata-policy-app,2025-07-09T06:36:18Z,OPEN,経済財政,README,納税コストゼロを目指す新しい税制システムの提案で、賦課課税方式の導入や税収安定化による財源確保を扱っているため,claude-p分類: 2025-07-15,https://github.com/team-mirai/policy/pull/4834,新しい税制の仕組み（納税コストゼロ社会）の提案
4821,皇位継承に関する方針の追加,app/idobata-policy-app,2025-07-09T05:58:47Z,OPEN,ビジョン,README,皇位継承は国家体制の根幹に関わる問題であり、政党の基本的な政治理念・価値観を示すものであるため,claude-p分類: 2025-07-15,https://github.com/team-mirai/policy/pull/4821,皇位継承に関する方針の追加
4819,国保の子供の均等割免除による子育て支援の拡充,app/idobata-policy-app,2025-07-09T05:55:13Z,OPEN,子育て,README,国民健康保険の18歳未満の子どもの均等割免除による子育て世帯の経済的負担軽減策,claude-p分類: 2025-07-15,https://github.com/team-mirai/policy/pull/4819,国保の子供の均等割免除による子育て支援の拡充
4808,消費税減税と、その財源のあり方に関する具体的な提案,app/idobata-policy-app,2025-07-09T05:22:09Z,OPEN,経済財政,README,消費税減税とその財源確保（法人税・内部留保課税・防衛費見直し）に関する税制・財政政策の提案,claude-p分類: 2025-07-15,https://github.com/team-mirai/policy/pull/4808,消費税減税と、その財源のあり方に関する具体的な提案
4805,やくもさんからの改善のご提案：表現の自由・医療制度について,app/idobata-policy-app,2025-07-09T05:16:43Z,OPEN,医療,README,医療制度の維持と精神科自立支援制度の見直しが主要な提案内容であるため,claude-p分類: 2025-07-15,https://github.com/team-mirai/policy/pull/4805,やくもさんからの改善のご提案：表現の自由・医療制度について
4798,MM様からのご提案（医療分野）：医療DXによる多言語対応と医師の負担軽減,app/idobata-policy-app,2025-07-09T05:01:04Z,OPEN,医療,README,医療現場の多言語対応と医師の業務負担軽減のためのデジタル技術活用提案,claude-p分類: 2025-07-15,https://github.com/team-mirai/policy/pull/4798,MM様からのご提案（医療分野）：医療DXによる多言語対応と医師の負担軽減
4797,学校給食の充実と食育の推進に関する提案,app/idobata-policy-app,2025-07-09T04:59:46Z,OPEN,教育,README,学校給食の充実と食育プログラムの実施は学校教育制度の一環であるため,claude-p分類: 2025-07-15,https://github.com/team-mirai/policy/pull/4797,学校給食の充実と食育の推進に関する提案
4796,【花子さん提案】情報発信に関する姿勢を追記,app/idobata-policy-app,2025-07-09T04:59:41Z,OPEN,デジタル民主主義,README,多様なメディアを通じた情報発信と市民との対話を強化し、参加型政治の促進を目的とした変更,claude-p分類: 2025-07-15,https://github.com/team-mirai/policy/pull/4796,【花子さん提案】情報発信に関する姿勢を追記
4794,【kyoさんによる改善提案】「表現の自由と創作活動の保護」に関する項目を追加,app/idobata-policy-app,2025-07-09T04:57:26Z,OPEN,その他政策,README,表現の自由と創作活動（マンガ・アニメ・ゲーム等）の保護に関する文化政策の追加,claude-p分類: 2025-07-15,https://github.com/team-mirai/policy/pull/4794,【kyoさんによる改善提案】「表現の自由と創作活動の保護」に関する項目を追加
4791,保育園の午睡（お昼寝）の運用を、もっと柔軟にするための提案,app/idobata-policy-app,2025-07-09T04:45:37Z,OPEN,子育て,README,保育園での午睡運用の柔軟化と保護者の育児負担軽減に関する提案,claude-p分類: 2025-07-15,https://github.com/team-mirai/policy/pull/4791,保育園の午睡（お昼寝）の運用を、もっと柔軟にするための提案
4781,【医療費削減】予防医療の強化：ワクチン接種への経済的支援拡充による提案,app/idobata-policy-app,2025-07-09T04:20:22Z,OPEN,医療,README,ワクチン接種への経済的支援拡充を通じた予防医療強化と医療費削減に関する政策提案,claude-p分類: 2025-07-15,https://github.com/team-mirai/policy/pull/4781,【医療費削減】予防医療の強化：ワクチン接種への経済的支援拡充による提案
4775,提案：母子手帳のデジタル・アナログ併用に関する意見をマニフェストに反映,app/idobata-policy-app,2025-07-09T04:09:29Z,OPEN,子育て,README,母子手帳のデジタル化と紙版の併用に関する提案で、妊娠・出産・育児支援に直接関わる政策,claude-p分類: 2025-07-15,https://github.com/team-mirai/policy/pull/4775,提案：母子手帳のデジタル・アナログ併用に関する意見をマニフェストに反映
4772,【みるくさん提案】産休開始時期の前倒し（32週から）による、安心して子育てできる社会の実現,app/idobata-policy-app,2025-07-09T03:59:55Z,OPEN,子育て,README,産休開始時期の前倒しによる妊婦支援と少子化対策に関する提案のため,claude-p分類: 2025-07-15,https://github.com/team-mirai/policy/pull/4772,【みるくさん提案】産休開始時期の前倒し（32週から）による、安心して子育てできる社会の実現
4771,外国人政策に関する新規提案,app/idobata-policy-app,2025-07-09T03:58:55Z,OPEN,その他政策,README,外国人労働者・居住者に関する新しい政策分野を追加しており、既存の11政策分野に該当しないため,claude-p分類: 2025-07-15,https://github.com/team-mirai/policy/pull/4771,外国人政策に関する新規提案
4770,「国歌の民主化」と「受刑者の人権」の検討開始,app/idobata-policy-app,2025-07-09T03:58:55Z,OPEN,その他政策,README,国歌の民主化と受刑者の人権という、既存の政策分野に該当しない2つの新しい政策提案を含むため,claude-p分類: 2025-07-15,https://github.com/team-mirai/policy/pull/4770,「国歌の民主化」と「受刑者の人権」の検討開始
4765,【あめさん提案】若年層の未来を後押しする経済的支援策の追加,app/idobata-policy-app,2025-07-09T03:51:59Z,OPEN,その他政策,README,LLM分類エラーによりデフォルト分類,claude-p分類: 2025-07-15,https://github.com/team-mirai/policy/pull/4765,【あめさん提案】若年層の未来を後押しする経済的支援策の追加
4763,【スミママさん提案】障害児支援に関する所得制限の緩和と行政手続きの改善,app/idobata-policy-app,2025-07-09T03:44:37Z,OPEN,福祉,README,障害児・医療的ケア児への支援制度改善（情報アクセス向上と所得制限緩和）を提案,claude-p分類: 2025-07-15,https://github.com/team-mirai/policy/pull/4763,【スミママさん提案】障害児支援に関する所得制限の緩和と行政手続きの改善
4756,新政策『多極集中型の地方創生』の追加提案,app/idobata-policy-app,2025-07-09T03:19:45Z,OPEN,その他政策,README,地方創生は行政改革・産業・教育・インフラなど複数分野にまたがる横断的な総合政策であるため,claude-p分類: 2025-07-15,https://github.com/team-mirai/policy/pull/4756,新政策『多極集中型の地方創生』の追加提案
4751,るさんからの改善提案：小児歯列矯正の保険適用,app/idobata-policy-app,2025-07-09T03:07:13Z,OPEN,医療,README,小児歯列矯正の保険適用という医療制度改革と予防医療政策に関する提案,claude-p分類: 2025-07-15,https://github.com/team-mirai/policy/pull/4751,るさんからの改善提案：小児歯列矯正の保険適用
4748,政策提案：選択的夫婦別姓制度の導入,app/idobata-policy-app,2025-07-09T02:58:48Z,OPEN,その他政策,README,選択的夫婦別姓制度は家族制度・婚姻制度に関する政策で、既存の11分野に該当しないため,claude-p分類: 2025-07-15,https://github.com/team-mirai/policy/pull/4748,政策提案：選択的夫婦別姓制度の導入
4746,「注意事項」に人権尊重に関する項目を追加,app/idobata-policy-app,2025-07-09T02:57:40Z,OPEN,ビジョン,README,人権尊重という普遍的な理念を明文化し、すべての政策議論の基盤となる基本方針として位置づけているため,claude-p分類: 2025-07-15,https://github.com/team-mirai/policy/pull/4746,「注意事項」に人権尊重に関する項目を追加
4734,りなさんによる「性犯罪対策の強化」のご提案,app/idobata-policy-app,2025-07-09T02:28:25Z,OPEN,その他政策,README,性犯罪対策は司法・治安分野の政策で、既存の11カテゴリーに直接該当しないため,claude-p分類: 2025-07-15,https://github.com/team-mirai/policy/pull/4734,りなさんによる「性犯罪対策の強化」のご提案
4733,匿名ユーザーによる外国人への生活保護に関する政策提案,app/idobata-policy-app,2025-07-09T02:25:54Z,OPEN,福祉,README,外国人への生活保護適用に関する政策提案で、社会保障制度に関わる内容のため,claude-p分類: 2025-07-15,https://github.com/team-mirai/policy/pull/4733,匿名ユーザーによる外国人への生活保護に関する政策提案
4730,あさんの提案：納税している障害者の医療費等に関する所得制限の撤廃,app/idobata-policy-app,2025-07-09T02:23:47Z,OPEN,福祉,README,障害者の医療費助成における所得制限撤廃を提案し、障害者の就労支援と社会参加促進を図る政策,claude-p分類: 2025-07-15,https://github.com/team-mirai/policy/pull/4730,あさんの提案：納税している障害者の医療費等に関する所得制限の撤廃
4728,マニフェストの対象読者と対話方法の明確化,app/idobata-policy-app,2025-07-09T02:14:25Z,OPEN,[システム],README,マニフェストのREADMEファイルの表現を改善し、全世代への対象明確化と意見受付窓口の分かりやすさを向上させるシステム的な改善,claude-p分類: 2025-07-15,https://github.com/team-mirai/policy/pull/4728,マニフェストの対象読者と対話方法の明確化
4727,非正規雇用の原則禁止と同一労働同一賃金の徹底,app/idobata-policy-app,2025-07-09T02:10:52Z,OPEN,産業政策,README,非正規雇用の原則禁止と同一労働同一賃金の徹底という雇用政策の提案,claude-p分類: 2025-07-15,https://github.com/team-mirai/policy/pull/4727,非正規雇用の原則禁止と同一労働同一賃金の徹底
4725,匿名ユーザーによる「難民・移民政策」の新設提案,app/idobata-policy-app,2025-07-09T02:03:29Z,OPEN,その他政策,README,難民・移民政策の新設提案で、既存の11政策分野に該当しない新たな政策分野のため,claude-p分類: 2025-07-15,https://github.com/team-mirai/policy/pull/4725,匿名ユーザーによる「難民・移民政策」の新設提案
4722,おおた様提案：マニフェストに「皇室」の項目を追加,app/idobata-policy-app,2025-07-09T02:00:31Z,OPEN,ビジョン,README,皇室の自主性尊重という国家の根幹に関わる基本的な政治理念・方針を示している,claude-p分類: 2025-07-15,https://github.com/team-mirai/policy/pull/4722,おおた様提案：マニフェストに「皇室」の項目を追加
4714,国民年金保険料の免除対象者の範囲拡大についての提案,app/idobata-policy-app,2025-07-09T01:36:43Z,OPEN,福祉,README,国民年金保険料の免除対象者拡大は社会保障制度の拡充に関する提案であるため,claude-p分類: 2025-07-15,https://github.com/team-mirai/policy/pull/4714,国民年金保険料の免除対象者の範囲拡大についての提案
4711,子育て世帯への継続的な経済的支援策の追加提案,app/idobata-policy-app,2025-07-09T01:28:27Z,OPEN,子育て,README,乳児用品への経済的支援や子育て世帯への光熱費補助など、育児支援と少子化対策の具体的な政策提案,claude-p分類: 2025-07-15,https://github.com/team-mirai/policy/pull/4711,子育て世帯への継続的な経済的支援策の追加提案
4707,匿名ユーザーによる「予備保育士」制度の提案をマニフェストに追記,app/idobata-policy-app,2025-07-09T01:22:54Z,OPEN,子育て,README,予備保育士制度という新たな保育人材確保策を提案し、保育現場の人手不足解消と地域の子育て支援強化を目指す政策,claude-p分類: 2025-07-15,https://github.com/team-mirai/policy/pull/4707,匿名ユーザーによる「予備保育士」制度の提案をマニフェストに追記
4704,ぶんさんによる「外国人政策」の項目追加の提案,app/idobata-policy-app,2025-07-09T01:11:59Z,OPEN,その他政策,README,外国人政策という新たな政策分野をマニフェストに追加する提案で、既存の11分野に該当しない,claude-p分類: 2025-07-15,https://github.com/team-mirai/policy/pull/4704,ぶんさんによる「外国人政策」の項目追加の提案
4702,所得税の障害者控除の見直しを検討課題として追加,app/idobata-policy-app,2025-07-09T00:59:06Z,OPEN,経済財政,README,所得税の障害者控除制度の見直しという税制改革の提案をREADMEに追加,claude-p分類: 2025-07-15,https://github.com/team-mirai/policy/pull/4702,所得税の障害者控除の見直しを検討課題として追加
4698,幼稚園の魅力周知と子ども家庭庁の管轄に関する改善提案,app/idobata-policy-app,2025-07-09T00:43:57Z,OPEN,子育て,README,幼稚園の活用促進と子ども家庭庁への管轄統合を通じた子育て環境の充実に関する提案,claude-p分類: 2025-07-15,https://github.com/team-mirai/policy/pull/4698,幼稚園の魅力周知と子ども家庭庁の管轄に関する改善提案
4694,ステップ1の子育て支援に不育症サポートを追記,app/idobata-policy-app,2025-07-09T00:20:02Z,OPEN,子育て,README,不育症サポートを子育て支援項目に明記し、流産に悩む方々への支援体制を明確化する政策改善,claude-p分類: 2025-07-15,https://github.com/team-mirai/policy/pull/4694,ステップ1の子育て支援に不育症サポートを追記
4693,政策提案：同性婚の法制化による多様性の尊重,app/idobata-policy-app,2025-07-09T00:19:10Z,OPEN,その他政策,README,同性婚法制化という人権・多様性に関する政策で、既存の11分野に直接該当しない新規政策分野のため,claude-p分類: 2025-07-15,https://github.com/team-mirai/policy/pull/4693,政策提案：同性婚の法制化による多様性の尊重
4691,"やえさんによる複数の重要政策(BI,マイナンバー,医療)に関する改善提案",app/idobata-policy-app,2025-07-09T00:15:56Z,OPEN,福祉,README,ベーシックインカム構想を中心とした社会保障制度の抜本的改革提案であり、マイナンバーや医療はその実現・関連施策として位置づけられているため,claude-p分類: 2025-07-15,https://github.com/team-mirai/policy/pull/4691,"やえさんによる複数の重要政策(BI,マイナンバー,医療)に関する改善提案"
4689,匿名ユーザーからの提案：持続可能で魅力的な農業政策の追加,app/idobata-policy-app,2025-07-09T00:09:30Z,OPEN,産業政策,README,農業の収益性向上、6次産業化、新規参入支援など農業産業の振興・技術革新に関する政策提案のため,claude-p分類: 2025-07-15,https://github.com/team-mirai/policy/pull/4689,匿名ユーザーからの提案：持続可能で魅力的な農業政策の追加
4686,匿名ユーザーによる障がい児支援の拡充に関する提案,app/idobata-policy-app,2025-07-09T00:00:57Z,OPEN,福祉,README,障がい児への補助金制度や障害者手帳のデジタル化など、障害者支援に関する政策提案,claude-p分類: 2025-07-15,https://github.com/team-mirai/policy/pull/4686,匿名ユーザーによる障がい児支援の拡充に関する提案
4683,ドメイン投票方式の導入提案,app/idobata-policy-app,2025-07-08T23:44:07Z,OPEN,デジタル民主主義,README,選挙権を持たない子どもにも親権者を通じて実質的な政治参加の道を開く、民主主義の仕組み自体の改革提案,claude-p分類: 2025-07-15,https://github.com/team-mirai/policy/pull/4683,ドメイン投票方式の導入提案
4681,松崎彰剛さんの提案：「くらしと行政」におけるDX推進専門組織の創設,app/idobata-policy-app,2025-07-08T23:11:41Z,OPEN,行政改革,README,国・地方のDXを推進する専門組織創設により行政の効率化とデジタル化を実現する提案,claude-p分類: 2025-07-15,https://github.com/team-mirai/policy/pull/4681,松崎彰剛さんの提案：「くらしと行政」におけるDX推進専門組織の創設
4677,ymrlさんによる人権尊重とAI倫理に関する基本方針の明記提案,app/idobata-policy-app,2025-07-08T22:58:50Z,OPEN,ビジョン,README,人権尊重とAI倫理という党の根幹となる基本理念・価値観を明文化する内容のため,claude-p分類: 2025-07-15,https://github.com/team-mirai/policy/pull/4677,ymrlさんによる人権尊重とAI倫理に関する基本方針の明記提案
4676,多様な家族のあり方に関する議論を追記,app/idobata-policy-app,2025-07-08T22:58:25Z,OPEN,ビジョン,README,同性婚・選択的夫婦別姓など多様な家族のあり方に関する議論を追加し、社会の包摂性と多様性尊重という基本理念を示している,claude-p分類: 2025-07-15,https://github.com/team-mirai/policy/pull/4676,多様な家族のあり方に関する議論を追記
4675,交通政策を新設し、自動運転の導入を提案,app/idobata-policy-app,2025-07-08T22:55:50Z,OPEN,福祉,README,高齢者の移動手段確保を目的とした自動運転導入提案で、高齢者支援が主要テーマ,claude-p分類: 2025-07-15,https://github.com/team-mirai/policy/pull/4675,交通政策を新設し、自動運転の導入を提案
4674,外国人政策に関する新規提案,app/idobata-policy-app,2025-07-08T22:52:23Z,OPEN,その他政策,README,外国人政策という新たな政策分野を追加するもので、既存の政策分野には該当しない独立した政策項目,claude-p分類: 2025-07-15,https://github.com/team-mirai/policy/pull/4674,外国人政策に関する新規提案
4671,気候危機対策を最優先課題として明記する改善提案,app/idobata-policy-app,2025-07-08T22:18:26Z,OPEN,エネルギー,README,気候危機対策を最優先課題とし、2035年までの具体的なエネルギー構成比目標（再エネ70%、原子力20%、火力10%）を提案しているため,claude-p分類: 2025-07-15,https://github.com/team-mirai/policy/pull/4671,気候危機対策を最優先課題として明記する改善提案
4669,w.s.さんによる移民政策の新規提案,app/idobata-policy-app,2025-07-08T19:40:38Z,OPEN,その他政策,README,移民政策・多文化共生に関する新規政策提案で、既存の11分野に明確に該当しない包括的な政策のため,claude-p分類: 2025-07-15,https://github.com/team-mirai/policy/pull/4669,w.s.さんによる移民政策の新規提案
4668,「デジタル社会における心の健康」に関する新しい政策分野の提案,app/idobata-policy-app,2025-07-08T19:07:37Z,OPEN,その他政策,README,デジタル社会特有の心の健康問題という既存13分野に明確に該当しない新しい政策分野の追加提案のため,claude-p分類: 2025-07-15,https://github.com/team-mirai/policy/pull/4668,「デジタル社会における心の健康」に関する新しい政策分野の提案
4666,【匿名ユーザー提案】農業分野の明確化のため、目次を修正,app/idobata-policy-app,2025-07-08T18:54:21Z,OPEN,[システム],README,READMEの目次表記を「産業」から「産業・農業」に変更し、農業が含まれることを明確化する修正,claude-p分類: 2025-07-15,https://github.com/team-mirai/policy/pull/4666,【匿名ユーザー提案】農業分野の明確化のため、目次を修正
4664,多様性に関する基本姿勢として、同性婚への賛成を明記する提案,app/idobata-policy-app,2025-07-08T18:25:25Z,OPEN,ビジョン,README,同性婚への賛成という多様性に関する基本姿勢を明記し、チームみらいの政治理念を明確化している,claude-p分類: 2025-07-15,https://github.com/team-mirai/policy/pull/4664,多様性に関する基本姿勢として、同性婚への賛成を明記する提案
4660,AIによる意見の取り扱いに関する原則の明確化,app/idobata-policy-app,2025-07-08T17:58:03Z,OPEN,デジタル民主主義,README,AI熟議システムにおける意見処理の公平性・透明性確保に関する原則の追加提案,claude-p分類: 2025-07-15,https://github.com/team-mirai/policy/pull/4660,AIによる意見の取り扱いに関する原則の明確化
4657,「データに基づいたバランスの取れた意思決定」をマニフェストに明記,app/idobata-policy-app,2025-07-08T17:27:48Z,OPEN,デジタル民主主義,README,テクノロジーを活用した意見の可視化と透明性向上により、データに基づく民主的な政策決定プロセスを実現する内容,claude-p分類: 2025-07-15,https://github.com/team-mirai/policy/pull/4657,「データに基づいたバランスの取れた意思決定」をマニフェストに明記
4644,まつさんからの改善提案：ベーシックサービスと政治の信頼性向上,app/idobata-policy-app,2025-07-08T16:21:52Z,OPEN,デジタル民主主義,README,市民からの政策提案を積極的に受け入れ、マニフェストに反映する参加型政治の実践例,claude-p分類: 2025-07-15,https://github.com/team-mirai/policy/pull/4644,まつさんからの改善提案：ベーシックサービスと政治の信頼性向上
4640,子どもたちを性被害から守るための対策を新規追加,app/idobata-policy-app,2025-07-08T16:01:47Z,OPEN,その他政策,README,子どもの性被害防止に特化した安全対策で、既存の政策分野に明確に該当しない特定領域の政策,claude-p分類: 2025-07-15,https://github.com/team-mirai/policy/pull/4640,子どもたちを性被害から守るための対策を新規追加
4638,匿名希望Hさんとりんごさんによる改善提案,app/idobata-policy-app,2025-07-08T16:00:59Z,OPEN,福祉,README,障害者支援の所得制限撤廃と障害児のコミュニケーション支援という福祉政策の改善提案,claude-p分類: 2025-07-15,https://github.com/team-mirai/policy/pull/4638,匿名希望Hさんとりんごさんによる改善提案
4633,国家目標と長期ロードマップの策定に関するビジョンを追記,app/idobata-policy-app,2025-07-08T15:37:58Z,OPEN,その他政策,README,LLM分類エラーによりデフォルト分類,claude-p分類: 2025-07-15,https://github.com/team-mirai/policy/pull/4633,国家目標と長期ロードマップの策定に関するビジョンを追記
4631,1日の時間を36時間にする,app/idobata-policy-app,2025-07-08T15:32:31Z,OPEN,[システム],README,README.mdへの例示追加により、マニフェストが進化し続ける「生きた文書」であることを示すシステム改善,claude-p分類: 2025-07-15,https://github.com/team-mirai/policy/pull/4631,1日の時間を36時間にする
4622,マニフェストの基本原則に国債発行の厳格化を追記,app/idobata-policy-app,2025-07-08T14:59:04Z,OPEN,経済財政,README,国債発行の厳格化と財政規律に関する基本原則の追加,claude-p分類: 2025-07-15,https://github.com/team-mirai/policy/pull/4622,マニフェストの基本原則に国債発行の厳格化を追記
4621,「子どもは国の宝」という理念をマニフェストの基本方針に盛り込む提案,app/idobata-policy-app,2025-07-08T14:53:38Z,OPEN,ビジョン,README,政治団体の基本理念として「子どもは国の宝」という価値観をマニフェストに明記する提案,claude-p分類: 2025-07-15,https://github.com/team-mirai/policy/pull/4621,「子どもは国の宝」という理念をマニフェストの基本方針に盛り込む提案
4618,同性婚の法制化に賛成する立場を明確化,app/idobata-policy-app,2025-07-08T14:38:10Z,OPEN,ビジョン,README,同性婚への賛成表明は人権・平等・多様性尊重というチームみらいの基本的価値観を示すもの,claude-p分類: 2025-07-15,https://github.com/team-mirai/policy/pull/4618,同性婚の法制化に賛成する立場を明確化
4612,生理用品の消費税を撤廃し、女性の健康を社会で支える提案,app/idobata-policy-app,2025-07-08T14:22:41Z,OPEN,福祉,README,生理用品の消費税撤廃を通じて女性の健康と経済的負担を社会全体で支える福祉政策,claude-p分類: 2025-07-15,https://github.com/team-mirai/policy/pull/4612,生理用品の消費税を撤廃し、女性の健康を社会で支える提案
4594,政策改善提案：選択的夫婦別姓に関する議論の追加,app/idobata-policy-app,2025-07-08T13:40:12Z,OPEN,その他政策,README,選択的夫婦別姓制度は家族制度・結婚制度に関する政策で、既存の13分類に直接該当しないため,claude-p分類: 2025-07-15,https://github.com/team-mirai/policy/pull/4594,政策改善提案：選択的夫婦別姓に関する議論の追加
4591,農業政策の新規追加：兼業農家支援による食料安定供給の実現,app/idobata-policy-app,2025-07-08T13:38:52Z,OPEN,産業政策,README,農業の担い手確保と兼業農家支援による食料安定供給は産業振興政策の一環,claude-p分類: 2025-07-15,https://github.com/team-mirai/policy/pull/4591,農業政策の新規追加：兼業農家支援による食料安定供給の実現
4590,提案：Web3時代を見据えた暗号資産・ブロックチェーン戦略の更新,app/idobata-policy-app,2025-07-08T13:34:49Z,OPEN,産業政策,README,Web3・ブロックチェーン技術の活用による暗号資産税制改革と行政透明化により技術革新と産業振興を図る提案,claude-p分類: 2025-07-15,https://github.com/team-mirai/policy/pull/4590,提案：Web3時代を見据えた暗号資産・ブロックチェーン戦略の更新
4582,医薬品の安定供給に向けた薬価制度の見直しについて,app/idobata-policy-app,2025-07-08T13:09:10Z,OPEN,医療,README,薬価制度の見直しによる医薬品安定供給の確保に関する医療政策提案,claude-p分類: 2025-07-15,https://github.com/team-mirai/policy/pull/4582,医薬品の安定供給に向けた薬価制度の見直しについて
4578,匿名ユーザーによる改善提案：選択的夫婦別姓の実現,app/idobata-policy-app,2025-07-08T12:54:38Z,OPEN,その他政策,README,選択的夫婦別姓の法制化は家族法・婚姻制度に関する政策で、既存の11カテゴリーに直接該当しない,claude-p分類: 2025-07-15,https://github.com/team-mirai/policy/pull/4578,匿名ユーザーによる改善提案：選択的夫婦別姓の実現
4572,重要な医薬品・医療機器等の国内生産を促すための政策提案,app/idobata-policy-app,2025-07-08T12:40:31Z,OPEN,医療,README,医薬品・医療機器の国内生産基盤強化と薬価制度見直しに関する医療政策提案,claude-p分類: 2025-07-15,https://github.com/team-mirai/policy/pull/4572,重要な医薬品・医療機器等の国内生産を促すための政策提案
4568,医療制度の持続可能性確保に向けた政策の追加,app/idobata-policy-app,2025-07-08T12:26:56Z,OPEN,医療,README,診療報酬・薬価の適正化、医療従事者の環境整備、医薬品の安定供給など、持続可能な医療制度の構築に関する政策提案,claude-p分類: 2025-07-15,https://github.com/team-mirai/policy/pull/4568,医療制度の持続可能性確保に向けた政策の追加
4567,【まつさん提案】子育て支援の具体例をマニフェestoに追記,app/idobata-policy-app,2025-07-08T12:26:46Z,OPEN,子育て,README,子育て支援の現物支給化と財源確保に関する具体的な政策提案をマニフェストに追加,claude-p分類: 2025-07-15,https://github.com/team-mirai/policy/pull/4567,【まつさん提案】子育て支援の具体例をマニフェestoに追記
4559,選挙期間中のマニフェスト変更に関するルールを追加,app/idobata-policy-app,2025-07-08T12:02:48Z,OPEN,デジタル民主主義,README,オープンソース型マニフェストの運営において、選挙期間中の変更ルールを明確化し、透明性と有権者の信頼を確保するための制度設計,claude-p分類: 2025-07-15,https://github.com/team-mirai/policy/pull/4559,選挙期間中のマニフェスト変更に関するルールを追加
4546,家族制度の議論における慎重な姿勢と具体的懸念への対応を明記,app/idobata-policy-app,2025-07-08T10:49:01Z,OPEN,その他政策,README,選択的夫婦別姓など家族制度の法整備に関する内容で、既存の政策分野に明確に該当しないため,claude-p分類: 2025-07-15,https://github.com/team-mirai/policy/pull/4546,家族制度の議論における慎重な姿勢と具体的懸念への対応を明記
4542,デジタル支援員制度の追加,app/idobata-policy-app,2025-07-08T10:10:32Z,OPEN,福祉,README,高齢者等のデジタルデバイド解消を目的とした支援制度の提案,claude-p分類: 2025-07-15,https://github.com/team-mirai/policy/pull/4542,デジタル支援員制度の追加
4541,「チームみらいについて」の理念を明確化する提案 by Kazunori,app/idobata-policy-app,2025-07-08T10:03:41Z,OPEN,ビジョン,README,チームみらいの核心的理念である「なぜテクノロジーを最優先課題とするのか」を明確化し、基本方針を説明する内容のため,claude-p分類: 2025-07-15,https://github.com/team-mirai/policy/pull/4541,「チームみらいについて」の理念を明確化する提案 by Kazunori
4533,育休制度の拡充による子育て支援の強化（華子さんからのご提案）,app/idobata-policy-app,2025-07-08T09:24:32Z,OPEN,子育て,README,育児休業制度の3年への延長と取得条件緩和による育児支援政策の具体的提案,claude-p分類: 2025-07-15,https://github.com/team-mirai/policy/pull/4533,育休制度の拡充による子育て支援の強化（華子さんからのご提案）
4530,【未来さん提案】最優先事項「新国会議事堂建設計画」の追加,app/idobata-policy-app,2025-07-08T09:10:01Z,OPEN,行政改革,README,国会議事堂の建設を通じて政治・行政の透明化とデジタル化を実現する行政改革の提案,claude-p分類: 2025-07-15,https://github.com/team-mirai/policy/pull/4530,【未来さん提案】最優先事項「新国会議事堂建設計画」の追加
4528,防災政策の強化：防災庁設置と実効性ある災害対策の推進,app/idobata-policy-app,2025-07-08T08:56:55Z,OPEN,その他政策,README,防災政策は災害対策という独自の政策領域であり、既存の11分野に該当しないため,claude-p分類: 2025-07-15,https://github.com/team-mirai/policy/pull/4528,防災政策の強化：防災庁設置と実効性ある災害対策の推進
4519,表現の自由の保護を基本姿勢として明記,app/idobata-policy-app,2025-07-08T08:10:41Z,OPEN,ビジョン,README,マニフェストの基本理念セクションに表現の自由保護をチームみらいの基本姿勢として明記する変更,claude-p分類: 2025-07-15,https://github.com/team-mirai/policy/pull/4519,表現の自由の保護を基本姿勢として明記
